Date,Time,Latitude,Longitude,Depth[km],Magnitude(ML),Event_type,N.Stations,ID
2008/06/02,00:39:50.696000,53.2597,-168.3476,5.55,0.96,VT,3,ok08_1
2008/06/02,00:47:33.767000,53.259,-168.3477,5.75,0.78,VT,3,ok08_2
2008/06/02,01:57:47.187000,53.2687,-168.3554,3.05,1.03,VT,3,ok08_3
2008/06/02,08:29:32.321000,53.265,-168.3564,3.35,0.76,VT,3,ok08_4
2008/06/02,19:13:22.916000,53.2646,-168.3558,3.55,0.66,VT,3,ok08_6
2008/06/02,19:17:44.330000,53.277,-168.353,2.25,0.76,VT,3,ok08_7
2008/06/02,19:19:01.776000,53.2693,-168.3427,4.55,0.88,VT,3,ok08_8
2008/06/02,22:04:32.110000,53.2808,-168.3358,3.15,1.02,VT,4,ok08_9
2008/06/19,04:43:32.438000,53.4076,-168.2018,1.05,0.47,VT,5,ok08_33
2008/06/20,02:56:13.172000,53.4108,-168.2103,0.65,0.66,VT,5,ok08_36
2008/06/23,03:41:57.604000,53.2838,-168.3373,0.35,0.67,VT,6,ok08_45
2008/06/23,04:09:11.686000,53.2683,-168.3466,3.65,0.6,VT,4,ok08_46
2008/06/23,08:11:59.898000,53.2833,-168.3016,2.55,0.79,VT,5,ok08_48
2008/06/24,15:47:15.923000,53.4126,-168.2009,2.55,0.39,VT,6,ok08_57
2008/06/26,10:51:32.110000,53.4079,-168.2012,1.35,0.85,VT,8,ok08_61
2008/07/06,18:28:57.114000,53.4436,-168.1139,3.85,0.83,VT,6,ok08_86
2008/07/10,21:50:30.881000,53.4014,-168.1111,3.95,0.58,VT,8,ok08_99
2008/07/11,09:49:52.045000,53.4501,-168.1093,5.85,0.14,VT,6,ok08_103
2008/07/11,15:47:35.983000,53.4441,-168.1021,5.35,0.7,VT,8,ok08_104
2008/07/12,11:23:19.770000,53.4414,-168.0937,4.35,0.5,VT,7,ok08_106
2008/07/12,14:47:00.618000,53.452,-168.1173,3.25,0.44,VT,4,ok08_108
2008/07/12,14:49:22.833000,53.4534,-168.1079,1.75,0.38,VT,4,ok08_109
2008/07/12,14:57:57.088000,53.442,-168.0929,3.95,0.75,VT,7,ok08_111
2008/07/12,15:07:51.681000,53.4537,-168.1232,2.55,1.19,VT,10,ok08_113
2008/07/12,15:09:29.674000,53.4421,-168.0967,3.95,0.37,VT,6,ok08_114
2008/07/12,15:21:32.359000,53.4549,-168.1181,1.95,0.47,VT,4,ok08_115
2008/07/12,15:23:32.333000,53.4423,-168.11,2.45,0.4,VT,6,ok08_116
2008/07/12,15:33:21.630000,53.4477,-168.1072,5.35,0.23,VT,6,ok08_117
2008/07/12,15:34:03.172000,53.4489,-168.0138,13.15,0.66,VT,6,ok08_118
2008/07/12,15:46:41.776000,53.4384,-168.0869,5.95,0.4,LP,4,ok08_121
2008/07/12,15:47:24.635000,53.4471,-168.0979,4.55,0.63,VT,7,ok08_122
2008/07/12,15:47:41.339000,53.4485,-168.105,6.25,0.56,VT,7,ok08_123
2008/07/12,15:48:40.561000,53.444,-168.093,4.65,0.3,VT,6,ok08_124
2008/07/12,15:54:00.371000,53.4427,-168.0955,3.15,0.52,VT,6,ok08_125
2008/07/12,15:54:45.855000,53.447,-168.1076,6.65,0.5,VT,6,ok08_126
2008/07/12,15:56:44.079000,53.4476,-168.1014,6.65,0.7,VT,7,ok08_127
2008/07/12,16:01:43.971000,53.4434,-168.0612,8.75,0.47,VT,5,ok08_128
2008/07/12,16:04:19.923000,53.4469,-168.1082,6.15,0.24,VT,5,ok08_129
2008/07/12,16:05:49.153000,53.4521,-168.1184,4.05,1.38,VT,10,ok08_130
2008/07/12,16:06:59.429000,53.4461,-168.0951,8.15,0.62,VT,7,ok08_131
2008/07/12,16:07:48.716000,53.4425,-168.095,4.05,0.48,VT,6,ok08_132
2008/07/12,16:13:21.415000,53.4513,-168.1178,5.15,0.72,VT,6,ok08_134
2008/07/12,16:16:20.513000,53.4426,-168.0955,3.15,0.46,VT,6,ok08_135
2008/07/12,16:22:06.538000,53.4464,-168.1092,5.35,0.22,VT,5,ok08_136
2008/07/12,16:25:11.244000,53.4335,-168.0573,9.35,0.74,VT,7,ok08_137
2008/07/12,16:26:24.549000,53.4495,-168.1148,3.15,0.52,VT,5,ok08_138
2008/07/12,16:27:40.403000,53.4462,-168.1062,7.25,0.7,VT,7,ok08_139
2008/07/12,16:28:42.685000,53.4467,-168.0991,1.95,0.31,VT,6,ok08_140
2008/07/12,16:32:45.500000,53.4409,-168.0975,2.45,0.32,VT,6,ok08_141
2008/07/12,16:36:25.558000,53.4405,-168.0937,4.55,0.41,LP,4,ok08_143
2008/07/12,16:40:39.294000,53.4432,-168.0985,2.95,0.19,VT,6,ok08_145
2008/07/12,16:44:52.568000,53.4409,-168.1219,3.75,0.73,VT,8,ok08_146
2008/07/12,16:49:50.846000,53.4568,-168.1066,5.05,0.32,VT,5,ok08_147
2008/07/12,16:50:18.001000,53.4454,-168.1146,4.75,0.33,VT,7,ok08_148
2008/07/12,16:55:46.780000,53.4577,-168.1056,1.55,0.58,VT,5,ok08_150
2008/07/12,16:56:03.097000,53.441,-168.0941,4.35,0.48,VT,7,ok08_151
2008/07/12,16:59:14.535000,53.4474,-168.1152,4.15,0.71,VT,8,ok08_152
2008/07/12,17:11:11.598000,53.4421,-168.0759,8.35,0.44,VT,6,ok08_154
2008/07/12,17:12:15.987000,53.4462,-168.1187,3.75,0.28,VT,7,ok08_155
2008/07/12,17:17:58.321000,53.4434,-168.0933,4.25,0.23,VT,6,ok08_157
2008/07/12,17:22:40.276000,53.4443,-168.0978,5.05,0.25,VT,5,ok08_158
2008/07/12,17:23:46.556000,53.4532,-168.1211,3.65,0.87,VT,9,ok08_159
2008/07/12,17:30:30.127000,53.4459,-168.1024,4.85,0.8,VT,7,ok08_161
2008/07/12,17:35:27.879000,53.4506,-168.0954,7.25,0.89,VT,7,ok08_163
2008/07/12,17:41:28.510000,53.4482,-168.1082,6.55,1.16,VT,9,ok08_164
2008/07/12,17:49:00.094000,53.4408,-168.073,8.05,0.45,VT,5,ok08_165
2008/07/12,17:53:27.648000,53.4464,-168.0945,2.65,0.42,VT,7,ok08_166
2008/07/12,17:56:25.211000,53.452,-168.1099,2.65,1.58,VT,8,ok08_170
2008/07/12,18:03:28.351000,53.4476,-168.1185,2.95,1.31,VT,9,ok08_173
2008/07/12,18:09:14.914000,53.4527,-168.1211,3.75,0.34,VT,7,ok08_176
2008/07/12,18:12:59.122000,53.4532,-168.1189,2.55,0.63,VT,4,ok08_178
2008/07/12,18:15:37.327000,53.4514,-168.1033,5.65,0.65,VT,6,ok08_181
2008/07/12,18:18:37.015000,53.4539,-168.1277,2.15,0.41,VT,7,ok08_182
2008/07/12,18:20:34.873000,53.4483,-168.1221,2.45,0.93,VT,9,ok08_185
2008/07/12,18:21:21.645000,53.4506,-168.1391,1.95,0.68,VT,5,ok08_186
2008/07/12,18:23:02.316000,53.4489,-168.0452,13.05,0.62,VT,4,ok08_188
2008/07/12,18:23:41.612000,53.4479,-168.1149,3.95,0.21,VT,7,ok08_189
2008/07/12,18:24:33.182000,53.4466,-168.0274,12.85,0.81,VT,6,ok08_190
2008/07/12,18:25:03.345000,53.4502,-168.112,3.05,0.9,VT,9,ok08_191
2008/07/12,18:26:58.957000,53.4507,-168.1205,3.75,0.49,VT,5,ok08_192
2008/07/12,18:29:12.478000,53.4521,-168.0998,5.55,1.4,VT,9,ok08_194
2008/07/12,18:32:52.656000,53.4455,-168.1017,3.65,1.1,VT,9,ok08_195
2008/07/12,18:33:20.941000,53.4414,-168.0955,8.85,0.82,VT,6,ok08_196
2008/07/12,18:34:05.546000,53.458,-168.1108,3.95,0.19,VT,6,ok08_198
2008/07/12,18:34:24.220000,53.4465,-168.0273,12.85,0.78,VT,7,ok08_199
2008/07/12,18:36:08.161000,53.4474,-168.1202,1.45,0.19,VT,6,ok08_201
2008/07/12,18:37:50.822000,53.4425,-168.0886,8.65,0.3,VT,5,ok08_203
2008/07/12,18:39:35.077000,53.4488,-168.1093,6.75,0.6,VT,6,ok08_204
2008/07/12,18:39:53.748000,53.4447,-168.0685,8.75,0.44,VT,5,ok08_205
2008/07/12,18:39:59.680000,53.4531,-168.0108,11.05,0.8,VT,7,ok08_206
2008/07/12,18:41:13.575000,53.4485,-168.1127,3.55,1.06,VT,9,ok08_208
2008/07/12,18:41:31.295000,53.4439,-168.0795,5.75,1.24,VT,4,ok08_209
2008/07/12,18:41:45.118000,53.4519,-168.0998,7.15,0.54,VT,6,ok08_210
2008/07/12,18:42:11.805000,53.4481,-168.1125,4.05,1.25,VT,8,ok08_211
2008/07/12,18:42:37.543000,53.4484,-168.0243,12.15,0.92,VT,6,ok08_212
2008/07/12,18:42:59.204000,53.4491,-168.1031,6.25,0.88,VT,6,ok08_214
2008/07/12,18:43:52.534000,53.4369,-168.0908,4.25,1.82,VT,10,ok08_216
2008/07/12,18:44:27.903000,53.4446,-168.1168,3.55,1.11,VT,9,ok08_217
2008/07/12,18:44:44.710000,53.4459,-168.1181,11.55,1.41,VT,7,ok08_218
2008/07/12,18:46:10.253000,53.4457,-168.0931,4.35,0.63,VT,4,ok08_219
2008/07/12,18:46:28.788000,53.4569,-168.0997,7.45,0.57,VT,6,ok08_220
2008/07/12,18:46:47.393000,53.4507,-168.1046,8.45,0.73,VT,6,ok08_221
2008/07/12,18:46:58.153000,53.4496,-168.0503,10.55,0.61,VT,6,ok08_222
2008/07/12,18:47:06.653000,53.4529,-168.1021,6.55,1.58,VT,9,ok08_223
2008/07/12,18:47:24.558000,53.4508,-168.0565,10.45,1.54,VT,9,ok08_224
2008/07/12,18:47:54.753000,53.4553,-168.1,2.75,0.63,VT,5,ok08_225
2008/07/12,18:48:34.346000,53.451,-168.1108,8.85,0.78,VT,6,ok08_227
2008/07/12,18:48:42.845000,53.4516,-168.104,5.25,1.22,VT,9,ok08_228
2008/07/12,18:48:55.683000,53.4627,-168.1602,11.25,1.13,VT,4,ok08_229
2008/07/12,18:49:07.977000,53.4332,-168.0736,4.55,1.28,VT,8,ok08_230
2008/07/12,18:49:20.559000,53.456,-168.0247,12.15,1.41,VT,8,ok08_231
2008/07/12,18:50:26.330000,53.4463,-168.1301,14.25,0.63,VT,6,ok08_233
2008/07/12,18:51:58.799000,53.4622,-168.16,11.35,0.58,VT,5,ok08_234
2008/07/12,18:52:24.154000,53.4487,-168.0952,0.25,1.05,VT,6,ok08_235
2008/07/12,18:53:07.337000,53.4482,-168.1053,6.45,1.45,VT,9,ok08_236
2008/07/12,18:53:29.602000,53.4572,-168.0921,6.55,1.19,VT,8,ok08_237
2008/07/12,18:54:04.477000,53.4589,-168.1023,11.65,0.96,VT,6,ok08_238
2008/07/12,18:54:21.348000,53.4567,-168.0928,6.65,0.9,VT,6,ok08_239
2008/07/12,18:54:29.520000,53.4511,-168.0858,4.25,1.24,VT,8,ok08_240
2008/07/12,18:55:03.911000,53.4547,-168.0953,5.05,1.48,VT,9,ok08_241
2008/07/12,18:56:09.159000,53.4498,-168.1102,11.55,1.02,VT,6,ok08_243
2008/07/12,18:56:28.183000,53.451,-168.1082,11.15,0.97,VT,7,ok08_244
2008/07/12,18:58:19.236000,53.4358,-168.0929,1.75,1.17,VT,7,ok08_248
2008/07/12,18:59:38.863000,53.4559,-168.0995,3.55,1.0,VT,6,ok08_250
2008/07/12,18:59:57.253000,53.4429,-168.1183,4.35,1.34,VT,8,ok08_251
2008/07/12,19:00:13.357000,53.4355,-168.1468,15.15,1.62,VT,7,ok08_252
2008/07/12,19:01:11.799000,53.4536,-168.1028,11.35,0.82,VT,6,ok08_253
2008/07/12,19:02:23.798000,53.4523,-168.0998,4.35,1.18,VT,8,ok08_255
2008/07/12,19:03:01.786000,53.4427,-168.1183,4.05,0.81,VT,6,ok08_256
2008/07/12,19:04:17.404000,53.4445,-168.1118,2.15,2.39,VT,17,ok08_257
2008/07/12,19:04:57.908000,53.4469,-168.1196,2.25,1.56,VT,8,ok08_258
2008/07/12,19:05:16.335000,53.4623,-168.0777,2.35,1.53,VT,8,ok08_259
2008/07/12,19:05:21.942000,53.4487,-168.1449,3.05,1.79,VT,10,ok08_260
2008/07/12,19:06:38.734000,53.4457,-168.1258,6.15,1.0,VT,6,ok08_262
2008/07/12,19:07:02.558000,53.4341,-168.1215,3.95,1.73,VT,11,ok08_263
2008/07/12,19:07:26.465000,53.4374,-168.146,2.05,2.08,VT,10,ok08_264
2008/07/12,19:08:10.624000,53.4479,-168.0777,4.35,1.35,VT,9,ok08_265
2008/07/12,19:08:21.530000,53.4514,-168.1061,4.95,1.66,VT,9,ok08_266
2008/07/12,19:08:44.674000,53.4425,-168.1531,1.95,1.12,VT,4,ok08_267
2008/07/12,19:08:53.260000,53.4507,-168.0907,4.55,1.4,VT,8,ok08_268
2008/07/12,19:10:07.070000,53.4445,-168.1146,2.35,2.39,VT,18,ok08_269
2008/07/12,19:10:52.707000,53.4392,-168.1109,3.95,1.43,VT,6,ok08_270
2008/07/12,19:11:09.099000,53.4469,-168.1371,3.25,1.26,VT,7,ok08_271
2008/07/12,19:11:37.565000,53.4427,-168.1525,2.25,1.56,VT,7,ok08_273
2008/07/12,19:12:10.702000,53.4577,-168.1169,6.35,1.08,VT,6,ok08_274
2008/07/12,19:12:20.963000,53.4406,-168.1208,3.45,1.5,VT,9,ok08_275
2008/07/12,19:12:40.809000,53.4581,-168.1367,5.25,1.45,VT,8,ok08_276
2008/07/12,19:13:15.933000,53.4558,-168.1236,5.65,1.7,VT,13,ok08_277
2008/07/12,19:14:51.978000,53.4388,-168.1209,2.95,1.41,VT,8,ok08_279
2008/07/12,19:14:58.296000,53.457,-168.0675,3.55,,VT,4,ok08_280
2008/07/12,19:15:29.915000,53.4436,-168.119,5.55,1.51,VT,9,ok08_281
2008/07/12,19:16:32.144000,53.4344,-168.1005,4.45,1.58,VT,10,ok08_282
2008/07/12,19:16:58.760000,53.4655,-168.0747,9.75,1.78,VT,9,ok08_283
2008/07/12,19:17:52.122000,53.4494,-168.1252,4.95,1.29,VT,8,ok08_284
2008/07/12,19:20:17.010000,53.4316,-168.153,3.05,1.73,LP,5,ok08_287
2008/07/12,19:21:18.671000,53.4314,-168.094,2.15,2.16,VT,19,ok08_288
2008/07/12,19:22:19.193000,53.4339,-168.0976,4.15,1.77,VT,9,ok08_290
2008/07/12,19:30:03.388000,53.4431,-168.1361,2.95,2.18,VT,8,ok08_296
2008/07/12,19:31:04.296000,53.4412,-168.1281,2.25,2.31,VT,10,ok08_297
2008/07/12,19:32:41.922000,53.4421,-168.1136,1.95,1.73,VT,8,ok08_299
2008/07/12,19:33:31.701000,53.4296,-168.1577,0.55,1.75,VT,8,ok08_300
2008/07/12,19:34:38.506000,53.4257,-168.1612,4.25,1.72,VT,8,ok08_302
2008/07/12,19:34:50.155000,53.4313,-168.1515,1.75,1.86,VT,8,ok08_303
2008/07/12,19:35:26.010000,53.4385,-168.1136,2.25,1.6,VT,7,ok08_304
2008/07/12,19:36:07.299000,53.437,-168.1323,0.55,1.98,VT,8,ok08_305
2008/07/12,19:36:48.380000,53.4352,-168.134,0.95,1.85,VT,7,ok08_306
2008/07/12,19:38:45.250000,53.4367,-168.1363,0.85,1.67,VT,8,ok08_307
2008/07/12,19:38:59.194000,53.4257,-168.1538,1.75,1.68,VT,8,ok08_308
2008/07/12,19:39:24.676000,53.4435,-168.1433,0.65,1.44,VT,6,ok08_309
2008/07/12,19:39:38.748000,53.4327,-168.0841,2.95,1.89,VT,12,ok08_310
2008/07/12,20:20:34.840000,53.449,-168.0487,2.85,2.65,VT,6,ok08_314
2008/07/13,03:57:29.796000,53.444,-168.1132,1.25,2.3,VT,6,ok08_317
2008/07/13,05:19:46.797000,53.4091,-168.1814,3.05,1.94,VT,7,ok08_320
2008/07/13,07:40:23.496000,53.4344,-168.1895,4.65,1.99,VT,4,ok08_322
2008/07/13,10:53:36.098000,53.4401,-168.1034,1.65,1.92,VT,5,ok08_323
2008/07/13,13:28:55.593000,53.3778,-168.134,9.15,2.15,VT,7,ok08_326
2008/07/13,15:17:37.445000,53.4246,-168.1678,4.35,1.56,VT,4,ok08_327
2008/07/13,18:51:58.563000,53.4117,-168.1636,5.25,1.68,VT,6,ok08_328
2008/07/13,20:22:41.383000,53.3977,-168.1874,3.25,1.8,LP,4,ok08_329
2008/07/13,23:22:16.527000,53.412,-168.1763,3.15,1.76,VT,4,ok08_332
2008/07/13,23:26:17.926000,53.394,-168.1993,3.25,1.78,LP,4,ok08_333
2008/07/14,00:14:32.799000,53.427,-168.1992,3.25,2.02,VT,12,ok08_335
2008/07/14,02:55:35.128000,53.4223,-168.1674,2.85,1.35,VT,5,ok08_337
2008/07/14,05:15:34.706000,53.4118,-168.1623,2.25,1.63,VT,5,ok08_340
2008/07/14,05:54:17.118000,53.424,-168.2002,3.15,1.7,VT,6,ok08_341
2008/07/14,06:03:01.197000,53.4275,-168.1883,2.65,1.81,VT,6,ok08_342
2008/07/14,06:53:29.621000,53.4176,-168.1548,4.15,1.72,VT,7,ok08_343
2008/07/14,10:28:13.736000,53.3945,-168.1876,3.25,1.76,LP,4,ok08_345
2008/07/14,11:58:48.225000,53.4087,-168.1879,0.95,1.84,LP,6,ok08_348
2008/07/14,15:19:26.759000,53.4206,-168.1526,1.35,1.65,VT,4,ok08_349
2008/07/14,15:34:35.530000,53.4304,-168.1813,3.65,1.58,VT,5,ok08_350
2008/07/14,18:25:00.427000,53.3971,-168.1891,3.85,1.58,LP,4,ok08_356
2008/07/14,23:24:21.679000,53.415,-168.1596,5.05,2.09,LP,4,ok08_358
2008/07/15,00:09:37.862000,53.3967,-168.0614,4.75,1.91,VT,7,ok08_360
2008/07/15,05:11:16.848000,53.3974,-168.1854,3.25,1.53,LP,4,ok08_361
2008/07/15,06:16:04.790000,53.4264,-168.1893,3.15,2.56,VT,18,ok08_363
2008/07/15,06:29:36.994000,53.3995,-168.1808,4.05,1.57,VT,5,ok08_364
2008/07/15,06:55:49.134000,53.4174,-168.1626,3.75,1.7,VT,6,ok08_365
2008/07/15,08:27:13.237000,53.3958,-168.1903,3.95,1.63,LP,4,ok08_366
2008/07/15,13:17:57.445000,53.4142,-168.1561,3.25,1.72,LP,5,ok08_368
2008/07/15,15:33:42.015000,53.4129,-168.1533,6.15,1.71,VT,6,ok08_369
2008/07/15,15:59:27.564000,53.4393,-168.1786,4.05,1.73,VT,7,ok08_370
2008/07/15,17:28:07.897000,53.4116,-168.1543,3.05,1.43,VT,6,ok08_371
2008/07/15,17:48:00.969000,53.4084,-168.0817,10.05,1.87,VT,7,ok08_372
2008/07/15,18:23:12.761000,53.4102,-168.1754,4.05,1.43,VT,5,ok08_374
2008/07/15,19:32:00.342000,53.4182,-168.1552,4.55,2.11,VT,7,ok08_375
2008/07/15,20:37:35.102000,53.4189,-168.1557,4.95,1.78,VT,7,ok08_377
2008/07/15,22:48:23.342000,53.3653,-168.0739,5.15,1.99,LP,6,ok08_382
2008/07/15,22:52:53.731000,53.4553,-168.1039,2.65,1.79,LP,7,ok08_385
2008/07/15,22:53:12.705000,53.4299,-168.0997,0.65,1.91,LP,7,ok08_386
2008/07/15,23:33:23.222000,53.4169,-168.133,6.95,1.89,VT,6,ok08_391
2008/07/16,01:20:39.651000,53.4132,-168.1318,5.35,2.13,VT,8,ok08_399
2008/07/16,01:39:59.990000,53.3958,-168.1191,0.75,1.68,VT,6,ok08_400
2008/07/16,06:58:20.777000,53.3948,-168.1906,2.75,,LP,4,ok08_409
2008/07/16,07:46:07.663000,53.4072,-168.157,1.25,2.46,VT,20,ok08_411
2008/07/16,08:14:45.318000,53.4539,-168.1343,1.45,1.71,LP,6,ok08_413
2008/07/16,09:18:20.340000,53.4395,-168.133,4.35,1.75,VT,9,ok08_420
2008/07/16,09:22:31.604000,53.4071,-168.0832,11.25,2.63,LP,10,ok08_422
2008/07/16,10:45:14.639000,53.4041,-168.1608,5.15,1.55,LP,6,ok08_423
2008/07/16,11:08:08.789000,53.4471,-168.09,1.75,1.97,LP,3,ok08_424
2008/07/16,11:36:39.466000,53.4019,-168.1732,4.95,1.64,VT,5,ok08_425
2008/07/16,16:28:15.273000,53.3981,-168.1884,3.65,1.78,VT,5,ok08_428
2008/07/16,19:56:12.644000,53.4099,-168.1377,2.65,1.61,LP,4,ok08_430
2008/07/16,20:20:37.032000,53.4333,-168.1826,2.55,1.37,VT,5,ok08_431
2008/07/16,20:59:12.490000,53.423,-168.1945,2.05,1.89,VT,8,ok08_432
2008/07/16,21:55:34.594000,53.3923,-168.1085,3.05,2.04,VT,8,ok08_433
2008/07/16,22:51:09.251000,53.4207,-168.1443,2.65,1.3,VT,8,ok08_435
2008/07/16,23:06:04.342000,53.4327,-168.1583,1.55,2.83,VT,24,ok08_436
2008/07/17,04:12:11.539000,53.4162,-168.1537,4.25,1.59,VT,7,ok08_439
2008/07/17,08:04:31.510000,53.393,-168.1926,2.65,2.0,VT,6,ok08_442
2008/07/17,11:22:02.336000,53.4,-168.1813,4.55,1.43,VT,6,ok08_444
2008/07/17,12:31:06.998000,53.4074,-168.1467,1.55,1.68,VT,5,ok08_445
2008/07/17,14:12:45.822000,53.4172,-168.1634,5.15,1.69,VT,7,ok08_447
2008/07/17,17:28:04.618000,53.4296,-168.1943,4.35,1.54,VT,5,ok08_451
2008/07/17,20:31:17.712000,53.4226,-168.1654,3.75,1.55,LP,5,ok08_454
2008/07/17,22:02:30.453000,53.3875,-168.1478,4.95,1.85,VT,8,ok08_455
2008/07/18,01:38:41.506000,53.4093,-168.1605,1.95,1.18,VT,4,ok08_458
2008/07/18,01:39:03.124000,53.3999,-168.1833,3.85,1.54,VT,5,ok08_459
2008/07/18,02:40:05.775000,53.3978,-168.1906,3.25,1.4,VT,6,ok08_460
2008/07/18,04:46:26.720000,53.3888,-168.2071,2.45,1.93,VT,7,ok08_463
2008/07/18,05:58:59.453000,53.3935,-168.1966,1.95,1.66,LP,5,ok08_464
2008/07/18,06:40:49.843000,53.4484,-168.1726,4.75,1.37,VT,5,ok08_465
2008/07/18,07:02:05.479000,53.406,-168.1112,3.45,-0.5,LP,5,ok08_466
2008/07/18,07:48:28.844000,53.4445,-168.1257,1.95,2.12,LP,3,ok08_467
2008/07/18,08:01:48.353000,53.4678,-168.0601,3.25,1.99,VT,5,ok08_468
2008/07/18,10:17:47.391000,53.4013,-168.1339,1.25,1.58,VT,4,ok08_471
2008/07/18,10:21:49.053000,53.4151,-168.1624,2.95,1.74,VT,7,ok08_472
2008/07/18,11:05:11.641000,53.4247,-168.0587,2.65,1.77,VT,8,ok08_474
2008/07/18,13:10:54.773000,53.4393,-168.1172,2.25,1.69,VT,4,ok08_477
2008/07/18,15:34:21.885000,53.4038,-168.1779,4.55,1.75,VT,7,ok08_482
2008/07/18,17:33:37.213000,53.4026,-168.176,4.55,1.42,VT,6,ok08_484
2008/07/18,18:13:50.247000,53.4464,-168.1871,5.15,1.67,VT,6,ok08_485
2008/07/18,19:12:51.845000,53.4012,-168.1842,3.75,1.59,VT,6,ok08_486
2008/07/18,19:58:38.482000,53.4611,-168.0554,6.15,,VT,4,ok08_487
2008/07/18,20:44:45.457000,53.4307,-168.1336,4.25,1.57,VT,6,ok08_488
2008/07/18,21:16:41.759000,53.3947,-168.1373,5.15,2.05,VT,7,ok08_489
2008/07/18,22:00:02.273000,53.3971,-168.083,2.75,2.0,VT,7,ok08_490
2008/07/18,22:08:41.008000,53.4136,-168.1851,0.85,1.62,VT,7,ok08_491
2008/07/19,00:19:07.656000,53.4196,-168.183,3.55,1.96,VT,7,ok08_493
2008/07/19,01:28:00.985000,53.4013,-168.1157,2.25,1.8,VT,5,ok08_494
2008/07/19,01:51:39.004000,53.4219,-168.159,4.75,1.97,VT,6,ok08_495
2008/07/19,03:25:20.643000,53.3828,-168.1308,5.75,2.16,VT,13,ok08_499
2008/07/19,04:38:09.365000,53.3993,-168.1808,4.25,1.5,VT,6,ok08_502
2008/07/19,06:46:11.246000,53.408,-168.1723,4.65,1.61,VT,5,ok08_503
2008/07/19,06:52:46.914000,53.4183,-168.1819,4.15,1.67,VT,7,ok08_504
2008/07/19,07:57:07.584000,53.4321,-168.2284,0.85,1.91,VT,5,ok08_505
2008/07/19,08:04:48.419000,53.4178,-168.1591,5.35,1.65,VT,5,ok08_506
2008/07/19,09:09:32.630000,53.4049,-168.1494,2.65,1.68,VT,5,ok08_507
2008/07/19,14:02:12.237000,53.4114,-168.1811,3.25,1.78,VT,4,ok08_510
2008/07/19,15:02:26.788000,53.405,-168.1792,4.45,1.63,LP,5,ok08_511
2008/07/19,15:22:27.438000,53.4254,-168.1957,3.35,2.24,VT,11,ok08_512
2008/07/19,18:24:14.261000,53.4296,-168.183,2.95,2.24,VT,7,ok08_515
2008/07/19,19:54:14.586000,53.449,-168.1655,3.25,1.73,VT,5,ok08_519
2008/07/19,20:50:40.984000,53.4113,-168.1742,5.65,,LP,6,ok08_520
2008/07/19,21:28:07.493000,53.3982,-168.2044,0.85,,LP,4,ok08_521
2008/07/19,21:58:01.002000,53.4077,-168.15,2.55,2.09,VT,6,ok08_522
2008/07/19,22:22:46.573000,53.3998,-168.1703,3.35,1.88,LP,4,ok08_523
2008/07/19,23:25:45.792000,53.4123,-168.1717,5.55,2.02,VT,7,ok08_524
2008/07/20,02:57:27.172000,53.403,-168.1861,-0.05,,LP,4,ok08_526
2008/07/20,04:52:11.380000,53.4006,-168.175,4.05,1.91,LP,5,ok08_528
2008/07/20,04:54:44.282000,53.4355,-168.1353,4.95,2.17,VT,7,ok08_529
2008/07/20,07:18:44.027000,53.4399,-168.0604,2.75,1.97,LP,6,ok08_532
2008/07/20,07:26:12.203000,53.3985,-168.1734,3.25,1.53,VT,5,ok08_534
2008/07/20,09:39:58.625000,53.3953,-168.191,2.55,2.17,LP,5,ok08_536
2008/07/20,13:09:29.773000,53.4054,-168.1713,5.55,1.81,LP,4,ok08_539
2008/07/20,16:05:32.450000,53.4041,-168.1788,4.15,1.69,VT,5,ok08_542
2008/07/20,16:56:54.049000,53.4386,-168.1265,3.95,,LP,3,ok08_543
2008/07/20,18:19:42.146000,53.4197,-168.1537,3.85,2.74,VT,23,ok08_544
2008/07/20,18:55:02.184000,53.4655,-168.0963,7.95,2.0,VT,7,ok08_546
2008/07/20,21:25:06.653000,53.3965,-168.1883,3.55,1.89,LP,5,ok08_548
2008/07/21,00:20:18.054000,53.4001,-168.1895,2.65,1.67,LP,5,ok08_552
2008/07/21,01:11:30.573000,53.4355,-168.1497,1.75,1.61,VT,7,ok08_556
2008/07/21,02:38:37.553000,53.3867,-168.1969,2.25,1.18,VT,5,ok08_557
2008/07/21,04:38:53.805000,53.4072,-168.1799,5.05,1.48,VT,3,ok08_558
2008/07/21,07:32:03.773000,53.4054,-168.1599,1.55,1.56,LP,6,ok08_559
2008/07/21,10:49:18.645000,53.4165,-168.1245,6.55,2.37,VT,6,ok08_561
2008/07/21,12:21:33.477000,53.4206,-168.1975,3.15,1.62,VT,6,ok08_564
2008/07/21,12:30:14.119000,53.4007,-168.1018,10.35,2.09,LP,6,ok08_565
2008/07/21,12:37:37.722000,53.4608,-168.1937,2.85,2.01,LP,7,ok08_570
2008/07/21,13:20:17.866000,53.4097,-168.1911,3.85,1.67,VT,5,ok08_571
2008/07/21,14:18:33.667000,53.4256,-168.061,3.05,1.71,VT,7,ok08_572
2008/07/21,14:22:37.148000,53.4611,-168.0829,7.15,1.99,VT,6,ok08_573
2008/07/21,15:54:41.731000,53.3973,-168.1854,4.05,1.31,LP,5,ok08_576
2008/07/21,16:08:42.034000,53.4284,-168.1908,4.45,2.22,VT,7,ok08_578
2008/07/21,16:16:40.304000,53.3951,-168.1792,3.05,1.64,VT,6,ok08_579
2008/07/21,17:50:46.205000,53.3999,-168.171,2.35,1.45,VT,7,ok08_580
2008/07/21,20:21:18.988000,53.4006,-168.1842,4.15,1.89,VT,7,ok08_581
2008/07/21,21:13:35.218000,53.4038,-168.18,5.15,1.74,VT,6,ok08_582
2008/07/21,22:01:50.326000,53.417,-168.1531,6.15,1.79,VT,6,ok08_584
2008/07/21,22:28:04.050000,53.4133,-168.2045,3.35,1.67,LP,4,ok08_585
2008/07/22,00:40:20.552000,53.4004,-168.1739,4.55,2.0,VT,5,ok08_588
2008/07/22,01:06:21.221000,53.3933,-168.1863,3.55,1.54,VT,5,ok08_589
2008/07/22,01:08:12.217000,53.3874,-168.2007,2.25,1.48,LP,4,ok08_590
2008/07/22,04:56:31.863000,53.3996,-168.1834,2.75,1.74,VT,7,ok08_595
2008/07/22,13:23:14.802000,53.4205,-168.1259,4.55,1.75,VT,6,ok08_598
2008/07/22,13:50:00.537000,53.4541,-168.1146,3.45,1.92,LP,5,ok08_600
2008/07/22,14:07:40.155000,53.3803,-168.1763,3.15,1.53,VT,4,ok08_601
2008/07/22,15:04:43.087000,53.4319,-168.1835,3.45,1.93,VT,6,ok08_602
2008/07/22,17:19:41.250000,53.399,-168.1275,0.75,2.29,VT,11,ok08_607
2008/07/22,17:20:21.227000,53.4479,-168.0431,13.45,2.1,VT,3,ok08_608
2008/07/22,20:39:14.731000,53.3954,-168.1811,3.05,1.56,VT,5,ok08_615
2008/07/22,21:14:24.539000,53.4031,-168.1797,3.95,1.32,VT,5,ok08_617
2008/07/22,21:17:31.303000,53.3945,-168.1915,2.95,1.66,VT,4,ok08_618
2008/07/22,22:27:08.069000,53.3937,-168.1998,2.75,1.75,VT,5,ok08_619
2008/07/22,22:39:29.566000,53.394,-168.1009,0.75,1.92,VT,7,ok08_620
2008/07/22,22:43:28.902000,53.417,-168.1411,2.05,1.74,VT,5,ok08_621
2008/07/22,23:04:13.341000,53.4348,-168.1023,3.25,2.36,LP,5,ok08_623
2008/07/22,23:17:51.703000,53.4654,-168.0753,5.35,1.7,LP,4,ok08_624
2008/07/22,23:30:14.013000,53.4285,-168.1872,5.05,1.24,VT,4,ok08_626
2008/07/23,00:53:21.677000,53.4519,-168.0866,1.85,1.46,VT,3,ok08_629
2008/07/23,01:22:05.956000,53.4587,-168.1461,11.45,2.25,LP,7,ok08_632
2008/07/23,01:24:04.115000,53.395,-168.0848,9.65,2.51,LP,5,ok08_634
2008/07/23,03:12:17.475000,53.4096,-168.1721,5.45,1.31,VT,5,ok08_640
2008/07/23,04:40:26.452000,53.3938,-168.1079,1.85,1.66,VT,5,ok08_642
2008/07/23,06:14:48.595000,53.4382,-168.1023,1.35,1.92,LP,5,ok08_651
2008/07/23,07:13:18.089000,53.4225,-168.1048,5.85,2.17,LP,6,ok08_656
2008/07/23,07:32:19.083000,53.4105,-168.1198,4.65,1.84,VT,9,ok08_657
2008/07/23,07:36:45.451000,53.4126,-168.1155,3.05,1.85,LP,8,ok08_658
2008/07/23,08:03:25.188000,53.4337,-168.1104,1.65,1.97,VT,9,ok08_659
2008/07/23,08:15:44.793000,53.4567,-168.0843,3.15,1.95,LP,3,ok08_660
2008/07/23,08:43:49.076000,53.4484,-168.1351,10.15,2.28,LP,5,ok08_662
2008/07/23,09:38:30.875000,53.442,-168.1107,5.65,2.03,VT,7,ok08_663
2008/07/23,11:46:02.172000,53.3783,-168.0973,2.55,1.83,VT,6,ok08_664
2008/07/23,12:45:20.556000,53.394,-168.1912,3.45,2.01,VT,5,ok08_666
2008/07/23,13:32:15.841000,53.373,-168.1272,3.05,1.94,VT,5,ok08_667
2008/07/23,14:01:03.059000,53.4553,-168.0679,6.75,2.13,VT,6,ok08_669
2008/07/23,14:35:09.513000,53.4164,-168.1783,4.65,1.63,VT,5,ok08_670
2008/07/23,15:21:40.215000,53.3942,-168.1957,4.55,2.1,VT,8,ok08_671
2008/07/23,16:23:37.139000,53.4017,-168.1101,3.25,2.1,VT,5,ok08_672
2008/07/23,17:07:28.543000,53.3966,-168.184,3.05,1.7,LP,6,ok08_674
2008/07/23,17:28:37.206000,53.4203,-168.1563,6.05,1.91,VT,8,ok08_675
2008/07/23,18:50:42.485000,53.4021,-168.2199,2.95,1.42,VT,4,ok08_676
2008/07/23,20:11:11.199000,53.4138,-168.1793,4.35,1.54,VT,6,ok08_677
2008/07/23,20:16:33.420000,53.3996,-168.1785,4.35,1.67,LP,5,ok08_679
2008/07/23,20:24:58.218000,53.3763,-168.1485,4.25,1.88,VT,8,ok08_680
2008/07/23,23:43:25.214000,53.4084,-168.1132,3.25,2.12,VT,11,ok08_683
2008/07/24,06:12:28.758000,53.4146,-168.0867,6.65,,LP,7,ok08_692
2008/07/24,06:20:04.218000,53.39,-168.1938,3.95,2.08,LP,5,ok08_693
2008/07/24,06:58:48.002000,53.4874,-168.1396,6.85,2.25,VT,6,ok08_694
2008/07/24,07:20:58.870000,53.4101,-168.1828,5.55,1.79,VT,5,ok08_695
2008/07/24,07:28:16.959000,53.4438,-168.1013,2.75,2.3,LP,12,ok08_696
2008/07/24,07:48:19.027000,53.4059,-168.1764,4.15,1.4,VT,4,ok08_697
2008/07/24,09:19:43.285000,53.4257,-168.1218,7.45,2.09,VT,7,ok08_699
2008/07/24,10:07:18.223000,53.4074,-168.1851,1.75,1.66,VT,8,ok08_700
2008/07/24,10:20:53.231000,53.4075,-168.2086,2.55,2.3,VT,9,ok08_701
2008/07/24,11:25:55.691000,53.4087,-168.1739,5.85,1.78,LP,3,ok08_702
2008/07/24,13:37:24.806000,53.4313,-168.1026,3.55,1.92,VT,4,ok08_708
2008/07/24,14:28:58.479000,53.2823,-168.3335,-0.15,2.19,VT,10,ok08_712
2008/07/24,16:40:59.181000,53.4012,-167.9949,2.95,2.15,VT,5,ok08_715
2008/07/24,16:59:32.540000,53.4054,-168.1571,5.95,1.9,VT,7,ok08_718
2008/07/24,19:27:02.773000,53.4364,-168.0644,1.25,1.95,VT,6,ok08_719
2008/07/24,20:18:03.673000,53.4464,-168.0971,0.65,2.08,LP,4,ok08_720
2008/07/24,20:47:52.361000,53.3725,-168.1608,4.25,1.92,VT,7,ok08_721
2008/07/24,21:01:37.171000,53.4374,-168.1943,3.95,1.91,VT,6,ok08_722
2008/07/24,22:04:50.278000,53.4099,-168.1336,1.35,1.96,VT,4,ok08_723
2008/07/24,22:06:36.464000,53.4122,-168.1569,4.15,1.85,LP,5,ok08_724
2008/07/24,22:17:41.271000,53.4378,-168.1096,7.05,1.97,VT,6,ok08_725
2008/07/24,22:41:24.755000,53.4233,-168.1796,2.65,1.79,VT,4,ok08_726
2008/07/24,23:56:30.294000,53.4386,-168.1044,-0.15,2.05,VT,5,ok08_730
2008/07/25,00:59:41.632000,53.4016,-168.1811,4.15,0.77,VT,7,ok08_732
2008/07/25,01:12:22.400000,53.3963,-168.1917,3.75,1.69,VT,5,ok08_733
2008/07/25,02:05:59.875000,53.2697,-168.3493,0.65,2.13,VT,13,ok08_734
2008/07/25,02:22:12.081000,53.273,-168.3551,0.15,2.08,VT,10,ok08_735
2008/07/25,02:43:36.318000,53.2796,-168.3606,0.25,2.05,VT,9,ok08_737
2008/07/25,05:21:06.360000,53.2736,-168.3459,-0.05,2.17,VT,8,ok08_749
2008/07/25,05:23:46.098000,53.2779,-168.3472,0.05,2.17,VT,16,ok08_750
2008/07/25,05:24:18.109000,53.2663,-168.3514,1.95,2.14,LP,6,ok08_751
2008/07/25,06:20:39.787000,53.3769,-168.3457,4.65,1.93,LP,5,ok08_753
2008/07/25,06:28:21.706000,53.4119,-168.1368,4.15,1.73,VT,7,ok08_756
2008/07/25,07:06:52.235000,53.3977,-168.1969,2.35,1.95,VT,7,ok08_760
2008/07/25,07:22:20.453000,53.2779,-168.336,0.75,2.17,LP,7,ok08_762
2008/07/25,07:46:14.277000,53.3949,-168.144,4.05,1.91,LP,6,ok08_765
2008/07/25,07:51:45.880000,53.2713,-168.3575,-0.45,2.0,VT,9,ok08_766
2008/07/25,07:53:40.624000,53.4003,-168.1845,3.15,1.89,VT,8,ok08_768
2008/07/25,08:32:00.598000,53.3959,-168.1811,1.55,1.57,LP,4,ok08_770
2008/07/25,08:38:49.313000,53.4089,-168.1754,4.35,1.53,LP,4,ok08_771
2008/07/25,08:42:04.149000,53.4075,-168.1527,5.85,1.75,VT,4,ok08_773
2008/07/25,08:48:24.692000,53.3975,-168.1228,1.85,1.92,VT,17,ok08_774
2008/07/25,10:00:03.308000,53.4051,-168.1863,5.05,1.71,LP,5,ok08_781
2008/07/25,11:42:19.770000,53.4496,-168.169,3.25,1.73,VT,4,ok08_786
2008/07/25,11:55:29.540000,53.3993,-168.1856,4.15,1.81,VT,6,ok08_787
2008/07/25,13:43:42.257000,53.2782,-168.3368,0.55,1.56,VT,3,ok08_791
2008/07/25,14:26:57.075000,53.3922,-168.1131,3.65,2.02,VT,14,ok08_792
2008/07/25,15:29:33.655000,53.3971,-168.1952,3.05,1.42,VT,6,ok08_793
2008/07/25,16:34:31.342000,53.3977,-168.1528,5.25,1.72,VT,5,ok08_795
2008/07/25,17:03:14.381000,53.4033,-168.1843,5.15,1.94,VT,7,ok08_797
2008/07/25,17:08:43.357000,53.4143,-168.1256,-0.95,1.96,VT,7,ok08_798
2008/07/25,17:30:21.981000,53.3977,-168.1967,3.95,1.37,VT,5,ok08_800
2008/07/25,18:15:31.065000,53.4254,-168.1931,2.75,1.48,VT,4,ok08_803
2008/07/25,19:01:28.181000,53.4261,-168.203,4.05,1.2,VT,5,ok08_806
2008/07/25,20:14:17,53.3916,-168.2009,3.95,1.74,VT,6,ok08_810
2008/07/25,20:47:39.290000,53.4069,-168.0204,1.55,2.34,VT,5,ok08_811
2008/07/25,21:25:29.963000,53.4203,-168.173,4.05,1.82,VT,5,ok08_812
2008/07/26,00:44:28.161000,53.2643,-168.3532,-0.15,2.22,VT,14,ok08_818
2008/07/26,00:46:07.438000,53.2735,-168.3587,0.25,2.13,LP,12,ok08_819
2008/07/26,01:01:15.914000,53.2659,-168.3356,2.15,2.3,VT,13,ok08_820
2008/07/26,01:38:53.887000,53.4054,-168.1788,4.45,2.02,LP,4,ok08_821
2008/07/26,01:40:42.040000,53.404,-168.181,4.65,1.79,LP,4,ok08_822
2008/07/26,01:58:32.555000,53.4189,-168.1648,3.75,1.74,LP,4,ok08_823
2008/07/26,02:33:15.294000,53.4277,-168.1979,3.75,2.03,VT,6,ok08_825
2008/07/26,02:46:02.032000,53.4109,-168.1996,1.55,2.09,LP,5,ok08_827
2008/07/26,03:58:00.461000,53.4292,-168.1935,3.55,2.23,VT,15,ok08_828
2008/07/26,04:00:18.548000,53.4015,-168.1806,4.05,,LP,5,ok08_829
2008/07/26,06:20:10.676000,53.4459,-168.091,0.35,2.31,LP,6,ok08_834
2008/07/26,06:35:14.145000,53.4005,-168.186,4.25,1.95,VT,7,ok08_835
2008/07/26,07:02:23.870000,53.436,-168.0994,2.55,2.3,LP,7,ok08_837
2008/07/26,07:15:08.281000,53.3967,-168.1908,3.65,1.88,LP,5,ok08_838
2008/07/26,07:34:32.483000,53.4051,-168.0999,6.65,2.05,LP,7,ok08_839
2008/07/26,11:33:24.166000,53.3995,-168.1803,3.85,1.68,LP,4,ok08_843
2008/07/26,12:27:54.921000,53.4065,-168.1114,3.65,2.21,VT,12,ok08_844
2008/07/26,13:26:13.587000,53.3966,-168.1874,4.05,1.43,VT,5,ok08_845
2008/07/26,13:50:42.126000,53.4051,-168.1947,3.55,1.88,LP,5,ok08_846
2008/07/26,13:53:13.320000,53.4225,-168.1817,2.75,1.68,VT,9,ok08_847
2008/07/26,15:18:47.604000,53.4477,-168.081,2.15,2.22,LP,6,ok08_851
2008/07/26,15:48:48.030000,53.4452,-168.1036,2.45,,LP,3,ok08_854
2008/07/26,16:06:31.827000,53.2569,-168.2724,2.15,2.83,VT,6,ok08_856
2008/07/26,17:07:47.053000,53.4069,-168.033,2.85,1.59,VT,4,ok08_857
2008/07/26,17:25:34.265000,53.3985,-168.1916,4.35,1.96,LP,4,ok08_859
2008/07/26,17:42:24.093000,53.4014,-168.1771,3.65,1.62,LP,5,ok08_861
2008/07/26,17:44:13.456000,53.4079,-168.1645,4.95,1.83,VT,8,ok08_862
2008/07/26,17:55:37.304000,53.4303,-168.1027,3.45,2.24,LP,6,ok08_864
2008/07/26,17:56:00.565000,53.4489,-168.1175,1.45,2.1,LP,6,ok08_865
2008/07/26,22:06:04.273000,53.3938,-168.1309,2.65,2.52,VT,7,ok08_870
2008/07/26,22:08:56.763000,53.4073,-168.1826,4.35,,VT,4,ok08_871
2008/07/26,22:57:56.747000,53.425,-168.1119,4.95,1.77,VT,9,ok08_872
2008/07/27,00:18:44.280000,53.3898,-168.1717,3.65,1.92,VT,6,ok08_873
2008/07/27,00:22:08.569000,53.409,-168.181,4.55,1.73,VT,8,ok08_874
2008/07/27,03:21:41.355000,53.4517,-168.1007,0.45,1.73,LP,9,ok08_877
2008/07/27,03:52:06.151000,53.4273,-168.0976,3.65,2.03,LP,7,ok08_880
2008/07/27,03:52:52.112000,53.3942,-168.0921,4.35,2.14,LP,6,ok08_881
2008/07/27,06:28:06.587000,53.4044,-168.1551,6.25,1.54,LP,3,ok08_883
2008/07/27,06:31:13.061000,53.4441,-168.1166,-0.55,2.27,LP,7,ok08_886
2008/07/27,06:34:29.909000,53.4141,-168.1705,6.15,2.6,LP,7,ok08_888
2008/07/27,06:37:45.590000,53.4282,-168.0901,-0.25,2.34,LP,7,ok08_889
2008/07/27,06:38:24.908000,53.4145,-168.1937,1.45,1.85,VT,4,ok08_890
2008/07/27,06:50:49.526000,53.4397,-168.1064,1.55,2.28,LP,9,ok08_891
2008/07/27,06:53:02.669000,53.443,-168.083,7.65,2.62,LP,5,ok08_892
2008/07/27,06:56:28.392000,53.444,-168.0947,2.55,2.41,LP,7,ok08_893
2008/07/27,07:43:14.357000,53.4083,-168.1716,4.15,1.89,VT,7,ok08_896
2008/07/27,07:47:49.957000,53.4264,-168.0928,1.35,2.27,LP,15,ok08_897
2008/07/27,07:51:56.267000,53.4312,-168.1001,2.85,2.14,LP,10,ok08_898
2008/07/27,08:00:39.412000,53.4429,-168.0487,0.85,2.35,LP,6,ok08_899
2008/07/27,08:12:24.994000,53.4263,-168.1055,3.85,1.95,LP,6,ok08_902
2008/07/27,08:15:56.329000,53.4108,-168.1676,6.35,1.54,VT,5,ok08_903
2008/07/27,08:18:31.767000,53.4238,-168.0975,4.05,2.14,LP,7,ok08_904
2008/07/27,08:24:20.144000,53.43,-168.0993,3.05,2.28,LP,4,ok08_905
2008/07/27,08:29:35.692000,53.4287,-168.0971,2.95,1.94,LP,7,ok08_906
2008/07/27,08:35:57.676000,53.3976,-168.19,2.85,2.02,LP,4,ok08_910
2008/07/27,09:03:16.759000,53.4037,-168.1789,4.65,1.5,LP,5,ok08_913
2008/07/27,09:05:32.783000,53.394,-168.1963,2.55,1.45,LP,5,ok08_915
2008/07/27,09:13:33.898000,53.3953,-168.1935,2.65,1.68,VT,6,ok08_916
2008/07/27,09:25:05.401000,53.451,-168.0952,0.25,2.01,VT,10,ok08_917
2008/07/27,09:39:28.311000,53.4318,-168.1029,2.85,1.99,LP,7,ok08_919
2008/07/27,09:44:28.394000,53.4438,-168.1058,5.05,2.13,LP,4,ok08_920
2008/07/27,09:47:18.309000,53.4299,-168.1066,4.85,2.03,LP,4,ok08_922
2008/07/27,09:55:10.727000,53.4341,-168.0999,1.55,1.8,LP,5,ok08_924
2008/07/27,10:26:10.394000,53.4354,-168.1174,0.15,2.06,LP,7,ok08_928
2008/07/27,10:37:41.132000,53.4437,-168.0863,3.65,2.07,LP,7,ok08_930
2008/07/27,10:41:51.217000,53.4421,-168.0972,2.45,2.01,LP,6,ok08_931
2008/07/27,10:44:37.960000,53.4275,-168.1552,5.65,2.06,LP,6,ok08_932
2008/07/27,11:30:58.628000,53.4482,-168.0708,0.15,2.25,LP,10,ok08_936
2008/07/27,11:39:53.272000,53.4192,-168.0877,1.85,1.93,LP,5,ok08_938
2008/07/27,12:01:26.311000,53.4257,-168.1585,6.85,1.61,VT,5,ok08_939
2008/07/27,12:08:55.206000,53.4408,-168.0934,-0.15,2.15,LP,8,ok08_940
2008/07/27,12:58:06.170000,53.4375,-168.1402,1.65,1.84,VT,10,ok08_946
2008/07/27,13:58:05.818000,53.4401,-168.1132,2.35,2.11,LP,6,ok08_948
2008/07/27,14:06:46.563000,53.3755,-168.1762,4.05,1.72,VT,5,ok08_952
2008/07/27,14:08:48.811000,53.4401,-168.1044,2.45,2.03,LP,6,ok08_953
2008/07/27,14:10:26.919000,53.4415,-168.0709,1.05,1.95,LP,5,ok08_954
2008/07/27,14:16:08.140000,53.3783,-168.1278,0.85,1.8,LP,7,ok08_956
2008/07/27,14:23:21.496000,53.4042,-168.1491,4.15,1.71,VT,6,ok08_957
2008/07/27,14:35:14.651000,53.4075,-168.2129,2.65,1.52,LP,4,ok08_959
2008/07/27,14:41:11.389000,53.4101,-168.1704,5.15,1.53,VT,6,ok08_960
2008/07/27,16:22:02.326000,53.4061,-168.1986,4.15,1.52,VT,5,ok08_967
2008/07/27,16:42:52.177000,53.4136,-168.1916,4.45,1.8,VT,5,ok08_968
2008/07/27,16:44:38.260000,53.3983,-168.0859,10.55,2.74,LP,6,ok08_971
2008/07/27,16:58:38.743000,53.4533,-168.1208,2.75,2.25,LP,7,ok08_972
2008/07/27,17:16:48.073000,53.4365,-168.0964,1.25,2.34,LP,14,ok08_975
2008/07/27,17:24:44.052000,53.4564,-168.0705,1.65,2.71,LP,5,ok08_976
2008/07/27,17:33:10.131000,53.4056,-168.0967,1.35,2.35,LP,12,ok08_979
2008/07/27,18:02:18.257000,53.408,-168.1521,5.15,2.0,VT,9,ok08_983
2008/07/27,19:00:53.221000,53.4323,-168.1258,1.85,2.49,LP,6,ok08_986
2008/07/27,19:51:07.192000,53.4429,-168.1263,4.05,1.75,VT,5,ok08_989
2008/07/27,20:10:51.716000,53.399,-168.1932,4.95,1.24,VT,4,ok08_990
2008/07/27,20:20:09.607000,53.4175,-168.1428,7.55,1.92,VT,7,ok08_991
2008/07/27,21:38:31.978000,53.4103,-168.1523,2.35,1.96,VT,15,ok08_993
2008/07/27,22:09:40.525000,53.4034,-168.1797,4.15,1.64,LP,4,ok08_994
2008/07/27,23:16:02.784000,53.4485,-168.1351,10.75,2.21,LP,10,ok08_996
2008/07/27,23:37:24.246000,53.4373,-168.1185,3.25,2.27,LP,11,ok08_998
2008/07/27,23:50:16.247000,53.3968,-168.1158,2.25,2.28,VT,8,ok08_999
2008/07/28,01:26:12.258000,53.4006,-168.1917,2.35,1.73,VT,5,ok08_1001
2008/07/28,01:42:46.175000,53.3979,-168.1818,3.85,1.83,VT,6,ok08_1003
2008/07/28,03:52:12.913000,53.3963,-168.1919,3.35,1.59,VT,5,ok08_1005
2008/07/28,03:55:44.524000,53.4269,-168.1959,2.85,2.65,VT,18,ok08_1006
2008/07/28,04:20:53.390000,53.4184,-168.1032,0.75,2.56,LP,13,ok08_1008
2008/07/28,07:51:31.112000,53.4224,-168.1819,2.95,2.46,VT,18,ok08_1009
2008/07/28,09:00:17.977000,53.3992,-168.1859,3.55,1.86,VT,5,ok08_1011
2008/07/28,09:50:36.248000,53.4215,-168.1196,9.15,2.3,LP,4,ok08_1012
2008/07/28,09:52:02.955000,53.4416,-168.1295,2.75,2.02,LP,3,ok08_1013
2008/07/28,09:52:51.312000,53.3952,-168.188,3.65,,LP,4,ok08_1014
2008/07/28,09:58:16.599000,53.3992,-168.1856,4.05,2.12,LP,5,ok08_1015
2008/07/28,12:09:53.744000,53.4046,-168.1743,4.75,2.13,VT,8,ok08_1018
2008/07/28,15:29:59.311000,53.2471,-168.1709,12.35,2.71,VT,5,ok08_1020
2008/07/28,15:38:13.505000,53.4234,-168.1775,3.55,1.92,VT,5,ok08_1022
2008/07/28,16:20:07.332000,53.3973,-168.1209,8.25,2.08,VT,7,ok08_1023
2008/07/28,16:41:35.036000,53.3981,-168.1881,3.65,2.32,LP,6,ok08_1024
2008/07/28,17:07:12.558000,53.4325,-168.1576,1.65,1.77,VT,7,ok08_1025
2008/07/28,19:35:15.522000,53.4104,-168.1067,4.85,1.83,VT,9,ok08_1031
2008/07/28,20:36:26.800000,53.4034,-168.1851,4.15,1.12,VT,5,ok08_1034
2008/07/28,20:55:00.798000,53.4001,-168.1838,3.05,2.02,VT,7,ok08_1035
2008/07/28,20:56:42.849000,53.3977,-168.1876,3.95,1.69,LP,4,ok08_1036
2008/07/28,22:44:53.820000,53.4111,-168.1788,3.05,1.37,VT,5,ok08_1039
2008/07/28,23:44:02.197000,53.4673,-168.1004,3.35,1.89,LP,4,ok08_1042
2008/07/28,23:44:55.864000,53.3817,-168.0898,1.95,2.04,VT,6,ok08_1043
2008/07/29,01:02:48.252000,53.4595,-168.1932,5.15,1.49,VT,5,ok08_1044
2008/07/29,01:04:47.168000,53.4084,-168.1854,4.35,1.43,VT,5,ok08_1045
2008/07/29,03:21:32.739000,53.4279,-168.0643,2.05,2.15,LP,11,ok08_1050
2008/07/29,03:30:24.488000,53.4122,-168.147,3.15,1.54,VT,7,ok08_1051
2008/07/29,03:31:20.782000,53.4201,-168.0692,11.05,1.65,VT,5,ok08_1052
2008/07/29,05:34:48.523000,53.3924,-168.1212,2.15,1.68,LP,5,ok08_1056
2008/07/29,05:35:31.060000,53.4196,-168.1803,3.05,1.51,VT,6,ok08_1057
2008/07/29,07:15:15.220000,53.4071,-168.176,4.35,1.45,LP,3,ok08_1061
2008/07/29,08:01:28.681000,53.2632,-168.2991,1.45,1.45,VT,4,ok08_1063
2008/07/29,08:20:25.207000,53.3888,-168.1516,2.15,1.79,VT,6,ok08_1065
2008/07/29,08:33:12.538000,53.421,-168.1412,4.95,1.66,VT,5,ok08_1067
2008/07/29,09:11:25.779000,53.4243,-168.1487,3.85,1.39,VT,4,ok08_1071
2008/07/29,12:25:21.962000,53.3962,-168.0809,6.75,1.88,VT,7,ok08_1080
2008/07/29,12:51:09.009000,53.4247,-168.2162,3.45,1.92,LP,6,ok08_1082
2008/07/29,13:55:20.654000,53.399,-168.12,1.75,2.08,LP,5,ok08_1083
2008/07/29,15:51:43.139000,53.4245,-168.1183,3.25,1.64,VT,7,ok08_1086
2008/07/29,16:16:42.584000,53.3976,-168.2121,0.65,1.4,VT,8,ok08_1087
2008/07/29,16:20:31.910000,53.3462,-168.1167,3.35,2.13,VT,12,ok08_1088
2008/07/29,17:07:51.453000,53.3889,-168.1606,-0.05,1.78,VT,6,ok08_1089
2008/07/29,18:06:15.096000,53.4244,-168.2091,2.05,0.94,VT,4,ok08_1090
2008/07/29,19:14:34.127000,53.4295,-168.0809,4.05,2.14,LP,6,ok08_1092
2008/07/29,19:42:20.384000,53.4069,-168.1785,3.15,1.44,VT,5,ok08_1094
2008/07/29,20:35:39.716000,53.4084,-168.1694,4.35,1.29,VT,4,ok08_1096
2008/07/29,20:56:18.454000,53.4174,-168.1538,2.05,1.36,VT,4,ok08_1098
2008/07/29,21:39:28.741000,53.4225,-168.0655,3.65,1.75,VT,13,ok08_1099
2008/07/29,23:24:45.705000,53.3895,-168.1368,3.15,1.6,VT,5,ok08_1102
2008/07/29,23:35:32.988000,53.4372,-168.1717,5.35,1.42,VT,5,ok08_1103
2008/07/30,01:10:06.393000,53.3887,-168.1419,2.45,1.6,VT,5,ok08_1104
2008/07/30,02:14:44.177000,53.4189,-168.0806,0.65,1.86,LP,7,ok08_1106
2008/07/30,02:30:00.163000,53.4133,-168.0772,7.95,2.1,LP,4,ok08_1107
2008/07/30,02:38:15.726000,53.4044,-168.1695,1.15,1.54,VT,9,ok08_1109
2008/07/30,04:03:05.623000,53.4056,-168.1452,1.55,1.18,VT,5,ok08_1112
2008/07/30,04:27:26.512000,53.4512,-168.1076,4.65,2.11,LP,13,ok08_1114
2008/07/30,05:21:22.872000,53.4237,-168.0939,1.45,2.15,LP,8,ok08_1115
2008/07/30,06:43:09.230000,53.4416,-168.085,2.05,2.04,LP,12,ok08_1116
2008/07/30,06:45:19.568000,53.4448,-168.0805,3.15,2.47,LP,6,ok08_1117
2008/07/30,07:00:14.516000,53.4414,-168.0844,1.35,2.42,LP,7,ok08_1118
2008/07/30,07:34:56.374000,53.4291,-168.0852,5.15,1.73,LP,11,ok08_1119
2008/07/30,07:37:34.298000,53.4418,-168.0835,4.35,2.27,LP,7,ok08_1120
2008/07/30,09:36:34.811000,53.4437,-168.0708,0.15,2.42,LP,5,ok08_1126
2008/07/30,09:53:45.405000,53.4389,-168.082,0.65,2.42,LP,4,ok08_1127
2008/07/30,09:56:04.739000,53.4442,-168.081,4.45,2.5,LP,5,ok08_1128
2008/07/30,10:07:02.901000,53.454,-168.1069,0.15,2.2,LP,5,ok08_1129
2008/07/30,10:10:24.471000,53.4444,-168.0681,1.85,2.22,LP,11,ok08_1130
2008/07/30,10:20:31.229000,53.4299,-168.091,3.45,2.45,LP,12,ok08_1133
2008/07/30,10:26:41.957000,53.4427,-168.0846,2.75,2.52,LP,9,ok08_1135
2008/07/30,10:38:38.835000,53.4405,-168.0825,0.75,2.42,LP,6,ok08_1138
2008/07/30,10:45:33.375000,53.4137,-168.0482,6.35,2.27,VT,7,ok08_1140
2008/07/30,10:47:05.593000,53.3896,-168.0854,7.35,2.41,LP,5,ok08_1141
2008/07/30,10:47:43.045000,53.4417,-168.0757,0.45,2.13,LP,7,ok08_1142
2008/07/30,10:49:37.165000,53.4422,-168.0801,4.15,2.27,LP,7,ok08_1143
2008/07/30,10:59:47.231000,53.4503,-168.1489,1.45,1.86,LP,4,ok08_1144
2008/07/30,11:01:27.956000,53.451,-168.0759,1.25,2.15,LP,6,ok08_1145
2008/07/30,11:02:22.782000,53.3794,-168.1431,2.65,1.94,LP,4,ok08_1147
2008/07/30,11:07:08.170000,53.3987,-168.1745,2.85,2.23,VT,9,ok08_1149
2008/07/30,11:43:23.786000,53.413,-168.0482,6.35,2.22,LP,7,ok08_1153
2008/07/30,11:56:31.116000,53.4443,-168.0754,0.95,2.21,LP,5,ok08_1155
2008/07/30,13:07:52.167000,53.4412,-168.0806,1.05,2.23,LP,11,ok08_1160
2008/07/30,13:09:01.156000,53.4354,-168.075,1.85,2.39,LP,12,ok08_1161
2008/07/30,13:23:17.128000,53.3843,-168.0824,13.45,2.51,LP,7,ok08_1162
2008/07/30,13:43:42.370000,53.441,-168.0822,1.05,2.2,LP,12,ok08_1163
2008/07/30,13:45:31.759000,53.4437,-168.0823,2.25,2.41,LP,13,ok08_1164
2008/07/30,14:51:21.760000,53.4407,-168.0807,0.75,2.26,LP,13,ok08_1168
2008/07/30,14:53:08.302000,53.4396,-168.0796,1.15,2.2,LP,13,ok08_1169
2008/07/30,14:53:59.218000,53.4466,-168.0716,3.45,2.27,LP,6,ok08_1170
2008/07/30,14:54:51.862000,53.4325,-168.081,0.95,2.33,LP,7,ok08_1171
2008/07/30,14:55:16.464000,53.4313,-168.0716,1.55,2.39,LP,7,ok08_1172
2008/07/30,14:55:42.844000,53.4389,-168.1006,0.35,2.41,LP,5,ok08_1173
2008/07/30,14:58:51.546000,53.4429,-168.0507,1.25,2.78,LP,14,ok08_1175
2008/07/30,16:29:08.580000,53.4388,-168.0858,4.85,2.14,VT,10,ok08_1183
2008/07/30,16:40:15.587000,53.4323,-168.0666,1.85,2.01,VT,10,ok08_1185
2008/07/30,16:49:34.026000,53.4636,-168.1337,6.15,1.82,LP,4,ok08_1186
2008/07/30,16:51:01.090000,53.4475,-168.0873,3.15,2.1,VT,10,ok08_1187
2008/07/30,17:20:16.867000,53.4476,-168.0704,1.85,2.06,VT,9,ok08_1188
2008/07/30,18:54:12.636000,53.4464,-168.1018,4.15,1.87,VT,16,ok08_1191
2008/07/30,19:31:56.686000,53.4326,-168.0782,-0.05,2.18,VT,12,ok08_1192
2008/07/30,19:48:00.350000,53.4375,-168.083,2.35,2.05,VT,12,ok08_1193
2008/07/30,21:34:12.041000,53.4435,-168.0985,5.15,1.83,VT,17,ok08_1200
2008/07/30,21:38:28.840000,53.4513,-168.0969,4.55,2.33,LP,14,ok08_1201
2008/07/30,21:43:19.944000,53.4223,-168.0784,1.75,2.28,LP,7,ok08_1203
2008/07/30,21:56:17.531000,53.4834,-168.1461,10.45,2.06,VT,5,ok08_1207
2008/07/30,21:57:38.427000,53.362,-168.0879,12.05,0.28,VT,8,ok08_1208
2008/07/30,22:02:18.170000,53.4071,-168.0832,8.25,1.93,LP,7,ok08_1210
2008/07/30,22:14:23.783000,53.4224,-168.0815,2.25,2.03,VT,11,ok08_1213
2008/07/30,22:54:44.246000,53.3994,-168.0852,8.15,2.17,VT,5,ok08_1217
2008/07/30,23:02:46.579000,53.3876,-168.0919,9.25,1.97,VT,7,ok08_1218
2008/07/30,23:17:48.261000,53.395,-168.1674,1.35,1.86,VT,8,ok08_1219
2008/07/30,23:32:15.421000,53.3845,-168.0616,1.25,2.04,VT,11,ok08_1220
2008/07/30,23:35:43.265000,53.3863,-168.1339,2.15,1.71,VT,9,ok08_1221
2008/07/31,00:50:51.118000,53.4453,-168.1334,8.85,1.89,LP,4,ok08_1222
2008/07/31,01:31:34.978000,53.4118,-168.1479,7.85,1.73,VT,6,ok08_1223
2008/07/31,03:23:10.920000,53.4509,-168.1494,6.15,1.81,VT,10,ok08_1227
2008/07/31,06:22:12.893000,53.3918,-168.1676,2.95,1.56,VT,6,ok08_1229
2008/07/31,06:30:12.418000,53.4222,-168.1528,4.45,1.65,VT,7,ok08_1230
2008/07/31,06:53:09.744000,53.4438,-168.0255,1.65,1.69,LP,7,ok08_1231
2008/07/31,08:05:26.594000,53.3892,-168.1739,2.25,1.67,VT,10,ok08_1234
2008/07/31,10:35:27.386000,53.4071,-168.182,2.95,1.44,VT,4,ok08_1237
2008/07/31,13:03:12.777000,53.4438,-168.0743,1.85,1.97,VT,16,ok08_1241
2008/07/31,16:11:55.192000,53.3807,-168.1112,0.05,2.34,VT,17,ok08_1245
2008/07/31,16:55:28.505000,53.4465,-168.118,1.85,1.75,LP,4,ok08_1246
2008/07/31,22:12:19.065000,53.3821,-168.1719,2.75,1.22,VT,8,ok08_1251
2008/07/31,22:44:06.978000,53.4322,-168.0808,0.65,1.78,LP,6,ok08_1256
2008/07/31,23:04:44.801000,53.3997,-168.0995,9.75,2.19,LP,3,ok08_1259
2008/07/31,23:28:17.448000,53.3643,-168.0722,5.75,1.7,LP,6,ok08_1263
2008/07/31,23:32:09.611000,53.4137,-168.0932,0.75,1.94,LP,6,ok08_1265
2008/07/31,23:32:56.363000,53.3995,-168.1001,10.35,2.46,LP,5,ok08_1266
2008/07/31,23:50:25.989000,53.412,-168.074,5.65,2.03,LP,7,ok08_1274
2008/07/31,23:55:15.011000,53.3757,-168.1079,13.55,2.18,LP,8,ok08_1276
2008/08/01,00:17:55.293000,53.3978,-168.0688,1.45,2.24,LP,5,ok08_1280
2008/08/01,00:22:15.748000,53.43,-168.0928,1.45,2.11,LP,4,ok08_1281
2008/08/01,00:28:49.645000,53.3688,-168.0606,5.25,1.89,LP,6,ok08_1283
2008/08/01,00:39:37.410000,53.3896,-168.0846,7.65,2.15,LP,6,ok08_1287
2008/08/01,00:48:40.859000,53.3873,-168.1048,11.35,1.91,LP,6,ok08_1288
2008/08/01,00:56:04.648000,53.3814,-168.0601,1.95,1.87,LP,6,ok08_1291
2008/08/01,01:01:43.105000,53.412,-168.0787,7.05,2.03,LP,3,ok08_1296
2008/08/01,01:03:49.876000,53.3659,-168.0866,14.75,2.25,LP,6,ok08_1297
2008/08/01,01:22:40.851000,53.3827,-168.061,1.05,2.11,LP,7,ok08_1305
2008/08/01,01:26:05.849000,53.4433,-168.0798,4.25,2.02,LP,6,ok08_1307
2008/08/01,01:27:00.993000,53.4028,-168.1255,14.45,2.21,LP,7,ok08_1308
2008/08/01,01:30:22.589000,53.4401,-168.0927,4.75,2.01,LP,6,ok08_1309
2008/08/01,01:31:24.202000,53.376,-168.1594,2.55,1.92,VT,7,ok08_1311
2008/08/01,01:39:30.331000,53.3827,-168.061,1.05,2.21,LP,7,ok08_1315
2008/08/01,01:43:37.427000,53.3455,-168.2219,3.25,2.13,LP,6,ok08_1316
2008/08/01,01:46:35.518000,53.3785,-168.0708,11.35,2.21,LP,6,ok08_1317
2008/08/01,01:52:11.088000,53.3923,-168.1862,2.25,1.77,LP,7,ok08_1320
2008/08/01,01:53:46.624000,53.4436,-168.0782,1.25,1.82,LP,6,ok08_1321
2008/08/01,01:56:36.088000,53.3667,-168.1049,13.75,1.99,LP,7,ok08_1322
2008/08/01,01:57:37.951000,53.3881,-168.1398,3.85,2.17,VT,6,ok08_1323
2008/08/01,02:01:57.869000,53.4171,-168.0794,2.45,1.91,LP,4,ok08_1324
2008/08/01,02:02:32.998000,53.3689,-168.0993,13.75,2.41,LP,6,ok08_1325
2008/08/01,02:08:53.736000,53.3928,-168.1086,15.45,2.16,LP,7,ok08_1327
2008/08/01,02:17:56.801000,53.3481,-168.2313,4.35,2.15,LP,7,ok08_1330
2008/08/01,02:23:59.991000,53.3651,-168.1049,15.55,2.1,LP,5,ok08_1334
2008/08/01,02:36:32.704000,53.3924,-168.1687,2.15,1.51,VT,5,ok08_1335
2008/08/01,02:40:32.482000,53.4502,-168.0821,2.05,1.85,LP,7,ok08_1336
2008/08/01,02:41:47.095000,53.3645,-168.1051,15.75,2.08,LP,6,ok08_1337
2008/08/01,03:03:06.072000,53.3907,-168.0632,3.75,1.91,LP,5,ok08_1339
2008/08/01,03:20:03.688000,53.3593,-168.0707,13.15,2.2,LP,7,ok08_1344
2008/08/01,03:32:22.500000,53.3896,-168.0878,7.35,2.16,LP,3,ok08_1345
2008/08/01,06:51:39.821000,53.333,-168.0468,7.35,1.77,LP,6,ok08_1350
2008/08/01,07:21:02.899000,53.4176,-168.0428,5.35,,LP,4,ok08_1352
2008/08/01,07:48:40.484000,53.4011,-168.1112,0.65,1.73,VT,6,ok08_1354
2008/08/01,07:51:11.044000,53.3743,-168.0519,0.65,1.62,VT,11,ok08_1355
2008/08/01,09:33:58.689000,53.4026,-168.1808,3.85,1.53,VT,4,ok08_1358
2008/08/01,09:42:02.938000,53.4037,-168.1966,2.45,1.6,VT,4,ok08_1359
2008/08/01,10:05:02.776000,53.3979,-168.1696,1.05,1.54,LP,3,ok08_1360
2008/08/01,13:06:49.755000,53.4013,-168.1793,3.65,2.07,VT,10,ok08_1362
2008/08/01,15:39:27.463000,53.4338,-168.1465,5.25,1.49,VT,6,ok08_1363
2008/08/01,15:54:23.842000,53.3889,-168.1486,2.95,2.13,VT,6,ok08_1365
2008/08/01,17:06:34.711000,53.4011,-168.183,3.65,1.38,VT,5,ok08_1367
2008/08/01,18:01:08.652000,53.4308,-168.1414,2.15,1.83,VT,17,ok08_1368
2008/08/01,20:42:08.402000,53.4084,-168.1362,5.85,1.58,VT,5,ok08_1369
2008/08/01,22:22:58.344000,53.3776,-168.0993,11.45,1.83,LP,6,ok08_1374
2008/08/02,00:16:21.142000,53.3979,-168.1261,3.45,1.69,VT,7,ok08_1375
2008/08/02,01:12:27.961000,53.4311,-168.1999,2.85,1.72,VT,11,ok08_1376
2008/08/02,03:21:34.262000,53.3266,-168.0434,3.45,1.63,VT,6,ok08_1379
2008/08/02,03:52:54.574000,53.4097,-168.1241,6.35,1.92,LP,4,ok08_1380
2008/08/02,06:15:40.059000,53.3519,-167.9807,4.45,1.99,LP,4,ok08_1382
2008/08/02,06:37:42.754000,53.4128,-168.1362,0.65,2.03,VT,15,ok08_1383
2008/08/02,06:52:42.908000,53.4049,-168.1739,3.05,1.82,VT,7,ok08_1385
2008/08/02,09:54:12.131000,53.4132,-168.1443,3.85,1.87,VT,5,ok08_1389
2008/08/02,11:18:41.269000,53.4046,-168.1445,2.15,1.38,LP,5,ok08_1390
2008/08/02,12:07:45.103000,53.3575,-168.085,15.65,2.48,VT,8,ok08_1391
2008/08/02,12:30:09.279000,53.3623,-168.0867,15.15,2.64,LP,4,ok08_1393
2008/08/02,12:46:16.098000,53.4492,-168.131,1.15,2.2,LP,7,ok08_1396
2008/08/02,13:33:55.816000,53.3971,-168.2039,4.25,0.94,VT,4,ok08_1397
2008/08/02,13:48:35.018000,53.3942,-168.0547,3.55,1.53,VT,3,ok08_1399
2008/08/02,13:49:29.462000,53.4012,-168.1807,4.15,1.23,VT,5,ok08_1400
2008/08/02,15:48:39.051000,53.4035,-168.153,2.45,1.67,VT,4,ok08_1402
2008/08/02,17:23:00.105000,53.3545,-168.0871,13.75,2.21,LP,8,ok08_1403
2008/08/02,21:59:45.186000,53.3994,-168.1261,2.35,1.49,VT,7,ok08_1408
2008/08/02,22:24:29.588000,53.4156,-168.1238,4.75,1.34,VT,7,ok08_1409
2008/08/03,00:38:57.512000,53.4013,-168.1801,3.45,-0.32,LP,5,ok08_1410
2008/08/03,02:50:48.458000,53.4455,-168.0782,-0.45,2.13,LP,14,ok08_1413
2008/08/03,04:24:48.362000,53.4321,-168.0964,2.75,2.01,VT,9,ok08_1416
2008/08/03,04:26:11.643000,53.4266,-168.0999,3.15,1.3,LP,3,ok08_1417
2008/08/03,05:07:00.050000,53.4427,-168.1157,2.45,2.16,LP,6,ok08_1420
2008/08/03,05:29:15.789000,53.4364,-168.074,0.75,2.52,LP,6,ok08_1422
2008/08/03,07:51:26.602000,53.3986,-168.1839,2.75,1.69,VT,5,ok08_1424
2008/08/03,11:01:15.937000,53.3977,-168.1756,3.15,2.23,VT,10,ok08_1430
2008/08/03,11:08:39.661000,53.375,-168.095,11.85,2.46,LP,6,ok08_1431
2008/08/03,12:20:15.925000,53.3786,-168.061,-0.15,2.27,VT,22,ok08_1433
2008/08/03,13:42:36.823000,53.4126,-168.152,4.75,2.12,LP,7,ok08_1437
2008/08/03,14:02:17.644000,53.3814,-168.1158,13.05,2.37,LP,8,ok08_1440
2008/08/03,14:07:00.930000,53.3248,-168.0246,3.95,1.92,VT,3,ok08_1442
2008/08/03,15:46:52.675000,53.4027,-168.1235,3.85,1.88,VT,5,ok08_1445
2008/08/03,15:57:24.676000,53.4095,-168.1683,1.85,1.04,LP,6,ok08_1446
2008/08/03,17:37:29.366000,53.4027,-168.1432,4.95,1.67,VT,4,ok08_1450
2008/08/03,19:13:45.136000,53.4049,-168.1118,6.35,1.69,VT,6,ok08_1451
2008/08/03,19:34:52.399000,53.3952,-168.1217,3.65,1.81,LP,5,ok08_1453
2008/08/03,21:08:28.546000,53.3848,-168.1579,3.25,1.86,VT,4,ok08_1457
2008/08/03,21:08:40.760000,53.402,-168.1804,3.75,1.67,VT,4,ok08_1458
2008/08/04,01:36:41.110000,53.3934,-168.1814,1.65,1.9,VT,7,ok08_1461
2008/08/04,03:56:38.358000,53.3893,-168.1895,1.65,1.76,VT,5,ok08_1464
2008/08/04,04:37:56.593000,53.3354,-167.9969,5.35,2.01,LP,4,ok08_1465
2008/08/04,05:17:47.057000,53.4407,-168.0825,2.65,1.75,VT,4,ok08_1467
2008/08/04,06:01:04.848000,53.4236,-168.1561,5.75,1.68,VT,5,ok08_1469
2008/08/04,06:10:26.360000,53.3933,-168.1702,1.45,1.71,VT,9,ok08_1470
2008/08/04,06:12:58.590000,53.3986,-168.1899,1.35,1.6,LP,5,ok08_1471
2008/08/04,07:19:46.873000,53.4348,-168.0713,0.95,2.37,LP,18,ok08_1475
2008/08/04,08:22:27.750000,53.4022,-168.146,0.45,1.69,LP,7,ok08_1481
2008/08/04,09:00:00.180000,53.419,-168.2085,2.45,1.79,VT,8,ok08_1482
2008/08/04,09:02:50.847000,53.3961,-168.1757,2.25,2.08,VT,12,ok08_1483
2008/08/04,10:16:10.583000,53.4349,-168.0971,0.45,2.42,LP,16,ok08_1484
2008/08/04,10:40:09.666000,53.4034,-168.1897,2.75,2.33,LP,5,ok08_1486
2008/08/04,13:05:40.396000,53.3913,-168.0053,2.25,2.15,VT,3,ok08_1491
2008/08/04,13:07:17.348000,53.3916,-168.1871,1.85,1.6,VT,6,ok08_1492
2008/08/04,15:00:23.525000,53.3821,-168.1717,2.55,1.75,VT,9,ok08_1493
2008/08/04,16:24:52.230000,53.4048,-168.1684,2.15,1.75,VT,11,ok08_1494
2008/08/04,16:59:36.715000,53.4112,-168.1539,3.05,1.8,VT,8,ok08_1495
2008/08/04,17:00:00.768000,53.4243,-168.2109,2.85,1.51,VT,7,ok08_1496
2008/08/04,18:40:03.689000,53.3968,-168.1754,1.65,1.74,VT,9,ok08_1497
2008/08/04,19:36:30.870000,53.2573,-168.1179,0.65,2.02,VT,13,ok08_1500
2008/08/04,20:39:34.283000,53.393,-167.9926,1.35,1.91,LP,3,ok08_1501
2008/08/05,00:22:17.579000,53.3951,-168.1774,1.45,2.6,VT,17,ok08_1502
2008/08/05,02:01:39.522000,53.3993,-168.1796,2.85,1.63,VT,4,ok08_1503
2008/08/05,02:56:40.988000,53.441,-168.224,3.05,1.88,VT,8,ok08_1504
2008/08/05,07:40:33.865000,53.3891,-168.1233,2.55,1.8,VT,5,ok08_1509
2008/08/05,08:39:22.870000,53.2877,-168.1587,2.95,1.87,VT,5,ok08_1510
2008/08/05,10:46:51.547000,53.4213,-168.1435,2.95,1.91,VT,6,ok08_1512
2008/08/05,12:12:04.453000,53.4101,-168.187,3.15,1.57,VT,5,ok08_1514
2008/08/05,20:33:06.475000,53.4204,-168.1634,3.25,1.8,VT,4,ok08_1518
2008/08/05,21:47:29.942000,53.3863,-168.1586,2.55,1.77,VT,5,ok08_1521
2008/08/05,22:39:31.437000,53.3519,-167.9925,6.15,1.85,VT,4,ok08_1522
2008/08/05,23:05:10.859000,53.4078,-168.0335,7.05,1.78,VT,7,ok08_1523
2008/08/06,02:10:36.920000,53.3794,-168.1184,1.05,1.95,VT,5,ok08_1526
2008/08/06,02:45:47.825000,53.4147,-168.0795,6.85,1.84,VT,5,ok08_1527
2008/08/06,03:00:31.791000,53.4249,-168.0778,0.25,1.68,VT,9,ok08_1528
2008/08/06,03:43:31.541000,53.3979,-168.1588,0.35,2.16,VT,13,ok08_1529
2008/08/06,12:55:59.302000,53.3294,-168.0468,8.05,1.83,VT,7,ok08_1535
2008/08/06,15:46:40.304000,53.2816,-168.156,3.15,2.06,VT,12,ok08_1538
2008/08/06,16:41:32.966000,53.4333,-168.1019,10.55,1.81,VT,5,ok08_1540
2008/08/06,18:05:06.441000,53.4238,-168.183,3.55,2.01,VT,10,ok08_1542
2008/08/06,18:56:35.786000,53.4461,-168.2882,4.55,1.92,VT,5,ok08_1544
2008/08/07,00:31:27.683000,53.4236,-168.1766,2.65,1.59,VT,4,ok08_1547
2008/08/07,01:21:07.691000,53.4026,-168.1141,3.65,1.5,VT,7,ok08_1548
2008/08/07,01:35:53.518000,53.3955,-168.1801,2.15,1.38,VT,4,ok08_1549
2008/08/07,02:17:14.237000,53.4012,-168.0024,4.95,2.0,VT,3,ok08_1551
2008/08/07,03:22:28.833000,53.436,-168.051,0.45,2.1,LP,7,ok08_1556
2008/08/07,04:37:09.268000,53.4161,-168.1686,1.95,1.67,VT,5,ok08_1558
2008/08/07,05:30:04.515000,53.3899,-168.0689,2.15,2.33,VT,18,ok08_1561
2008/08/07,06:56:38.488000,53.3876,-168.1426,3.35,1.91,VT,7,ok08_1563
2008/08/07,07:46:15.311000,53.3394,-168.0788,0.05,1.74,VT,5,ok08_1567
2008/08/07,08:11:45.026000,53.4097,-167.96,2.35,1.9,VT,4,ok08_1571
2008/08/07,08:18:52.306000,53.4231,-168.0619,4.75,1.8,VT,7,ok08_1572
2008/08/07,08:33:30.204000,53.3939,-168.1813,1.65,1.91,VT,9,ok08_1574
2008/08/07,08:35:08.257000,53.4195,-167.9684,2.25,1.69,VT,6,ok08_1575
2008/08/07,09:58:16.069000,53.3532,-168.0108,8.15,1.7,VT,4,ok08_1578
2008/08/07,11:11:35.519000,53.3405,-168.0724,0.25,1.91,VT,6,ok08_1581
2008/08/07,13:53:05.630000,53.3015,-168.1702,3.65,2.04,VT,6,ok08_1582
2008/08/07,14:31:25.933000,53.3857,-168.1539,2.65,1.52,VT,5,ok08_1583
2008/08/07,17:15:52.735000,53.4199,-168.1315,4.95,1.63,VT,7,ok08_1586
2008/08/07,19:00:22.515000,53.4302,-168.2536,8.65,2.28,VT,6,ok08_1588
2008/08/07,19:36:33.036000,53.4244,-167.9668,3.05,1.59,VT,4,ok08_1589
2008/08/07,22:39:30.010000,53.2759,-168.0951,2.05,2.2,VT,12,ok08_1592
2008/08/07,22:55:41.451000,53.4211,-168.1329,4.05,1.33,VT,6,ok08_1594
2008/08/08,00:40:17.496000,53.3838,-168.1552,2.75,1.58,VT,5,ok08_1596
2008/08/08,01:22:22.123000,53.4113,-168.221,4.15,1.65,LP,3,ok08_1597
2008/08/08,05:57:10.450000,53.4108,-168.1721,1.85,1.29,VT,4,ok08_1602
2008/08/08,05:58:15.159000,53.4138,-168.1741,1.55,1.34,VT,4,ok08_1603
2008/08/08,06:16:30.526000,53.2951,-168.1656,3.65,2.11,VT,16,ok08_1604
2008/08/08,06:18:13.554000,53.3044,-168.1788,3.25,1.67,VT,5,ok08_1605
2008/08/08,08:16:30.983000,53.295,-168.1557,4.05,1.73,VT,5,ok08_1607
2008/08/08,08:52:23.370000,53.4287,-168.1372,2.85,2.12,VT,13,ok08_1610
2008/08/08,10:14:08.407000,53.4084,-168.12,10.75,1.69,VT,8,ok08_1612
2008/08/08,12:01:01.386000,53.4068,-168.1746,1.95,1.64,VT,9,ok08_1615
2008/08/08,13:17:24.627000,53.397,-168.1785,0.85,1.58,VT,5,ok08_1617
2008/08/08,13:32:01.392000,53.4439,-168.2318,1.95,2.25,VT,7,ok08_1619
2008/08/08,13:46:11.373000,53.4195,-168.1366,3.85,0.67,VT,7,ok08_1620
2008/08/08,17:38:43.073000,53.4201,-168.1582,3.15,1.53,VT,7,ok08_1624
2008/08/08,17:49:07.558000,53.2641,-168.132,7.45,1.96,VT,8,ok08_1625
2008/08/08,20:56:07.896000,53.4154,-168.0727,4.05,1.56,VT,5,ok08_1627
2008/08/09,01:08:15.427000,53.4313,-168.2575,9.25,1.8,VT,4,ok08_1630
2008/08/09,04:55:39.143000,53.4282,-168.1958,3.25,1.37,VT,5,ok08_1634
2008/08/09,07:08:13.814000,53.3281,-168.1699,1.85,1.29,LP,4,ok08_1635
2008/08/09,11:42:08.339000,53.4257,-168.1862,2.45,2.46,VT,17,ok08_1638
2008/08/09,13:04:00.031000,53.4225,-168.1605,4.15,1.3,VT,5,ok08_1639
2008/08/09,13:05:10.797000,53.3851,-168.1953,2.15,1.33,VT,5,ok08_1640
2008/08/09,15:54:25.215000,53.3931,-168.1061,2.05,1.75,LP,9,ok08_1643
2008/08/09,16:16:57.394000,53.4313,-168.0621,2.15,1.85,LP,9,ok08_1644
2008/08/09,18:51:21.772000,53.4259,-168.1544,4.15,1.91,VT,6,ok08_1645
2008/08/09,22:11:39.976000,53.4106,-168.1527,4.05,1.71,VT,7,ok08_1650
2008/08/10,00:27:32.624000,53.3947,-168.1816,0.75,1.38,VT,5,ok08_1652
2008/08/10,00:45:51.297000,53.4042,-168.1377,0.55,1.72,VT,8,ok08_1653
2008/08/10,00:54:58.304000,53.4129,-168.1827,1.95,1.61,VT,5,ok08_1654
2008/08/10,03:06:20.732000,53.4252,-168.1715,3.15,1.68,VT,8,ok08_1655
2008/08/10,04:34:54.166000,53.4271,-168.1562,4.15,1.17,VT,4,ok08_1657
2008/08/10,08:25:43.876000,53.4513,-168.0839,10.75,1.36,VT,5,ok08_1660
2008/08/10,09:42:56.241000,53.4295,-168.2597,8.95,1.78,VT,3,ok08_1662
2008/08/10,11:35:25.487000,53.3952,-168.178,1.75,1.99,VT,10,ok08_1665
2008/08/10,12:43:51.092000,53.4113,-168.1674,3.15,1.29,VT,4,ok08_1666
2008/08/10,14:31:40.701000,53.3946,-168.1015,2.35,1.61,VT,5,ok08_1668
2008/08/10,18:02:34.096000,53.4478,-168.1085,10.15,1.58,LP,3,ok08_1669
2008/08/10,19:19:09.358000,53.2889,-168.1545,2.55,1.87,VT,11,ok08_1670
2008/08/10,20:10:56.014000,53.4238,-168.2557,9.25,1.96,VT,5,ok08_1671
2008/08/11,00:16:07.837000,53.4649,-168.2905,7.15,1.7,VT,5,ok08_1673
2008/08/11,02:59:52.043000,53.2855,-168.1361,8.95,1.84,VT,9,ok08_1674
2008/08/11,03:43:55.171000,53.3627,-168.1008,0.55,1.63,VT,4,ok08_1675
2008/08/11,12:22:22.195000,53.3813,-168.0923,12.85,2.23,LP,6,ok08_1683
2008/08/11,14:48:54.896000,53.4048,-168.0706,0.55,2.12,VT,11,ok08_1685
2008/08/11,15:34:45.263000,53.4475,-168.2941,6.15,1.71,VT,5,ok08_1690
2008/08/12,02:33:50.733000,53.4,-168.1487,0.65,1.54,VT,5,ok08_1696
2008/08/12,04:33:17.602000,53.32,-168.0278,4.35,1.84,VT,6,ok08_1699
2008/08/12,06:05:45.263000,53.4006,-168.183,6.65,1.98,VT,4,ok08_1702
2008/08/12,07:23:41.498000,53.3952,-168.0852,5.05,1.94,VT,5,ok08_1704
2008/08/12,08:11:02.007000,53.4167,-168.1552,4.25,1.67,VT,9,ok08_1706
2008/08/12,22:25:26.555000,53.2774,-168.1442,7.65,2.36,VT,17,ok08_1720
2008/08/12,23:31:23.023000,53.3114,-168.1812,0.75,1.37,VT,3,ok08_1724
2008/08/13,02:11:50.455000,53.2781,-168.1012,1.55,2.39,VT,17,ok08_1725
2008/08/13,04:21:03.784000,53.4537,-168.0945,12.25,1.92,VT,4,ok08_1731
2008/08/13,04:53:35.403000,53.3814,-168.0614,0.95,2.28,VT,19,ok08_1732
2008/08/13,06:17:17.318000,53.423,-168.1255,2.75,1.7,VT,7,ok08_1733
2008/08/13,10:38:20.075000,53.3855,-168.143,1.45,1.67,VT,6,ok08_1735
2008/08/13,10:46:32.138000,53.4087,-168.1562,5.95,1.58,VT,7,ok08_1737
2008/08/13,11:27:36.376000,53.4167,-168.1779,3.55,1.3,VT,6,ok08_1739
2008/08/13,14:26:51.928000,53.4299,-168.1575,3.05,1.73,LP,5,ok08_1740
2008/08/13,16:52:05.448000,53.3886,-168.1819,2.85,1.09,VT,5,ok08_1741
2008/08/13,18:04:14.076000,53.2425,-168.2746,9.25,1.88,VT,9,ok08_1742
2008/08/13,23:00:08.141000,53.4297,-168.1641,5.35,1.33,VT,6,ok08_1744
2008/08/14,01:51:25.391000,53.4562,-168.1534,2.65,1.73,LP,5,ok08_1750
2008/08/14,02:34:02.057000,53.4284,-168.1656,3.25,1.42,VT,6,ok08_1751
2008/08/14,03:48:47.635000,53.359,-168.0041,7.55,1.96,LP,5,ok08_1752
2008/08/14,11:50:12.516000,53.4326,-168.0995,5.65,1.33,VT,5,ok08_1757
2008/08/14,13:03:58.670000,53.4101,-168.1501,4.05,1.67,VT,7,ok08_1760
2008/08/14,13:16:43.438000,53.4095,-168.1859,3.55,1.18,VT,7,ok08_1761
2008/08/14,13:31:22.752000,53.4297,-168.1076,0.35,1.42,VT,10,ok08_1762
2008/08/14,14:20:52.932000,53.4259,-168.1244,3.75,1.67,VT,6,ok08_1763
2008/08/14,14:30:05.946000,53.2192,-168.3153,6.05,1.91,VT,10,ok08_1765
2008/08/14,17:12:00.947000,53.3172,-168.1561,3.25,1.45,LP,5,ok08_1769
2008/08/14,17:12:32.922000,53.3917,-168.1698,11.85,1.83,VT,7,ok08_1770
2008/08/14,17:16:46.434000,53.3899,-168.2014,1.05,1.7,VT,9,ok08_1771
2008/08/14,17:51:11.662000,53.4078,-167.9526,3.15,1.69,VT,5,ok08_1772
2008/08/14,18:10:56.195000,53.4241,-168.2937,9.65,1.64,VT,6,ok08_1774
2008/08/14,18:23:45.746000,53.4411,-168.2316,0.55,1.3,VT,8,ok08_1777
2008/08/14,21:50:29.293000,53.3553,-168.1053,1.15,1.47,VT,5,ok08_1784
2008/08/14,22:34:38.616000,53.4175,-168.1347,5.25,1.35,VT,8,ok08_1785
2008/08/14,22:37:02.822000,53.4307,-168.142,3.85,1.29,VT,6,ok08_1786
2008/08/14,22:46:40.157000,53.438,-168.1333,3.05,1.22,VT,5,ok08_1787
2008/08/14,23:55:01.333000,53.4155,-168.1142,3.75,1.26,VT,4,ok08_1789
2008/08/15,00:08:05.515000,53.3591,-168.1108,1.85,1.33,VT,5,ok08_1790
2008/08/15,00:09:40.791000,53.4238,-168.1936,3.25,2.01,VT,17,ok08_1791
2008/08/15,01:06:48.221000,53.4176,-168.0633,0.95,1.81,VT,10,ok08_1792
2008/08/15,01:29:43.318000,53.4029,-168.134,1.45,1.75,VT,11,ok08_1793
2008/08/15,02:15:54.246000,53.2706,-168.1005,1.55,1.61,VT,9,ok08_1794
2008/08/15,04:02:06,53.4181,-168.1652,1.25,1.63,VT,9,ok08_1796
2008/08/15,05:13:32.342000,53.4289,-168.1849,2.05,1.27,VT,6,ok08_1797
2008/08/15,06:13:30.203000,53.2976,-168.181,1.85,1.44,VT,5,ok08_1798
2008/08/15,08:12:32.022000,53.4055,-168.14,3.65,1.11,VT,5,ok08_1799
2008/08/15,12:38:05.253000,53.3015,-168.1703,1.25,1.23,VT,3,ok08_1801
2008/08/15,13:09:29.528000,53.4019,-168.1726,2.15,1.02,VT,4,ok08_1802
2008/08/15,16:47:42.512000,53.4258,-168.221,1.95,1.47,VT,5,ok08_1806
2008/08/16,05:02:19.850000,53.4137,-168.1503,3.75,1.52,VT,10,ok08_1811
2008/08/16,06:42:27.773000,53.3883,-168.1606,3.45,1.4,VT,3,ok08_1812
2008/08/16,10:27:56.101000,53.4394,-168.2327,0.65,1.3,VT,6,ok08_1817
2008/08/16,11:00:18.502000,53.4362,-168.1951,2.95,0.81,VT,4,ok08_1818
2008/08/16,12:59:31.494000,53.4551,-168.1697,1.65,0.84,VT,4,ok08_1820
2008/08/16,14:37:32.236000,53.4337,-168.203,3.35,1.35,VT,9,ok08_1822
2008/08/16,21:41:41.232000,53.4123,-168.1597,3.15,,VT,4,ok08_1827
2008/08/16,23:12:39.139000,53.3643,-168.0824,11.95,2.18,LP,4,ok08_1828
2008/08/16,23:19:24.770000,53.4285,-168.1298,3.85,1.92,LP,5,ok08_1829
2008/08/17,14:14:13.095000,53.4188,-168.1434,2.45,1.47,VT,4,ok08_1839
2008/08/17,22:08:57.552000,53.3919,-168.1965,5.15,1.11,VT,5,ok08_1845
2008/08/17,22:23:29.615000,53.2689,-168.1012,2.05,1.77,VT,8,ok08_1846
2008/08/18,00:14:09.537000,53.453,-168.0547,1.05,1.84,VT,13,ok08_1848
2008/08/18,01:40:54.035000,53.4192,-168.1817,3.25,1.41,VT,5,ok08_1850
2008/08/18,07:49:29.822000,53.4027,-168.1645,8.15,1.57,VT,7,ok08_1855
2008/08/19,00:06:01.130000,53.3172,-168.1515,1.35,2.25,LP,5,ok08_1862
2008/08/19,03:41:29.294000,53.3919,-168.1857,0.15,1.48,VT,6,ok08_1864
2008/08/19,06:39:19.106000,53.4018,-168.16,2.05,1.63,LP,3,ok08_1869
2008/08/19,16:16:22.234000,53.4065,-168.1457,4.15,1.16,VT,4,ok08_1885
2008/08/19,16:31:39.973000,53.3629,-168.1808,10.75,1.28,LP,5,ok08_1887
2008/08/19,18:12:17.916000,53.4119,-168.2034,2.85,1.08,LP,6,ok08_1895
2008/08/19,18:24:27.553000,53.4192,-168.1697,4.75,2.02,VT,18,ok08_1897
2008/08/19,18:25:25.611000,53.4165,-168.0987,5.05,1.11,VT,5,ok08_1898
2008/08/19,18:29:26.460000,53.4065,-168.1427,4.75,1.02,VT,6,ok08_1899
2008/08/19,18:42:58.622000,53.397,-168.0881,0.35,1.27,LP,6,ok08_1900
2008/08/19,19:12:12.728000,53.3994,-168.186,3.35,0.99,LP,8,ok08_1903
2008/08/19,19:37:26.705000,53.3759,-168.2772,3.35,1.14,LP,8,ok08_1904
2008/08/19,20:01:29.824000,53.3951,-168.1839,3.15,0.27,VT,3,ok08_1906
2008/08/19,20:27:31.925000,53.4197,-168.1326,3.05,0.96,VT,5,ok08_1907
2008/08/19,20:57:45.873000,53.2841,-168.1594,0.75,0.79,VT,6,ok08_1910
2008/08/19,21:40:04.533000,53.4148,-168.1803,4.65,0.57,VT,7,ok08_1912
2008/08/19,21:42:13.184000,53.4086,-168.1607,0.65,0.9,LP,8,ok08_1913
2008/08/19,21:44:56.735000,53.4073,-168.1443,1.35,0.8,VT,7,ok08_1914
2008/08/19,21:47:47.128000,53.3869,-168.0787,13.75,0.86,LP,6,ok08_1915
2008/08/19,22:02:12.581000,53.392,-168.2001,4.25,1.2,LP,5,ok08_1917
2008/08/19,22:29:04.949000,53.4356,-168.1168,0.95,0.77,LP,5,ok08_1921
2008/08/19,22:33:34.380000,53.4253,-168.1377,2.05,1.17,LP,6,ok08_1922
2008/08/19,22:49:25.757000,53.3928,-168.1262,4.35,0.83,VT,7,ok08_1927
2008/08/19,22:55:45.542000,53.4597,-168.1511,3.55,0.8,VT,4,ok08_1929
2008/08/19,23:18:18.622000,53.4226,-168.1286,3.55,0.55,LP,3,ok08_1936
2008/08/19,23:46:18.729000,53.4057,-168.1442,6.85,0.61,VT,4,ok08_1943
2008/08/20,00:01:13.177000,53.3874,-168.1543,2.55,0.52,VT,6,ok08_1947
2008/08/20,00:24:05.726000,53.4147,-168.1594,1.85,0.89,LP,6,ok08_1949
2008/08/20,00:46:06.311000,53.4175,-168.1225,5.95,0.84,VT,6,ok08_1952
2008/08/20,00:49:12.254000,53.3984,-168.2059,3.85,1.1,LP,6,ok08_1954
2008/08/20,01:03:34.189000,53.3563,-168.1938,9.45,1.41,VT,9,ok08_1957
2008/08/20,01:06:20.500000,53.396,-168.1381,2.85,0.65,VT,4,ok08_1958
2008/08/20,01:14:05.803000,53.4061,-168.1347,2.25,0.68,VT,8,ok08_1959
2008/08/20,01:17:05.883000,53.3498,-168.2829,0.35,0.95,LP,5,ok08_1960
2008/08/20,03:29:52.466000,53.4111,-168.1474,3.05,0.57,LP,4,ok08_1972
2008/08/20,03:30:49.696000,53.3854,-168.185,9.35,0.94,VT,5,ok08_1973
2008/08/20,03:39:28.992000,53.4066,-168.1463,10.05,0.44,VT,4,ok08_1974
2008/08/20,03:47:32.974000,53.3905,-168.0911,2.55,0.85,LP,7,ok08_1976
2008/08/20,03:48:46.510000,53.3923,-168.2108,6.55,0.41,VT,4,ok08_1977
2008/08/20,04:03:47.474000,53.4032,-168.1345,3.15,0.16,VT,3,ok08_1978
2008/08/20,04:15:49.436000,53.4067,-168.1942,0.95,0.78,LP,4,ok08_1981
2008/08/20,04:31:52.819000,53.4134,-168.1357,7.85,0.96,VT,9,ok08_1983
2008/08/20,04:33:15.821000,53.4123,-168.1555,1.05,0.86,VT,7,ok08_1984
2008/08/20,04:55:25.357000,53.4185,-168.1813,0.35,0.92,LP,5,ok08_1985
2008/08/20,05:40:10.362000,53.4091,-168.1716,2.95,1.08,LP,5,ok08_1992
2008/08/20,05:48:22.666000,53.4012,-168.1912,3.65,0.8,LP,7,ok08_1994
2008/08/20,06:06:14.766000,53.4086,-168.1782,1.85,0.87,LP,5,ok08_1998
2008/08/20,06:06:24.206000,53.3893,-168.1721,4.15,0.95,VT,4,ok08_1999
2008/08/20,06:07:30.540000,53.4198,-168.1276,5.85,0.87,VT,5,ok08_2000
2008/08/20,06:08:24.243000,53.3713,-168.1655,10.15,0.55,VT,4,ok08_2001
2008/08/20,06:09:59.807000,53.4191,-168.1561,5.45,0.19,VT,4,ok08_2002
2008/08/20,06:21:00.489000,53.4043,-168.1799,2.25,0.85,VT,6,ok08_2005
2008/08/20,06:31:10.620000,53.4086,-168.1704,1.15,0.96,VT,7,ok08_2008
2008/08/20,06:32:16.778000,53.4212,-168.1254,5.65,0.23,VT,4,ok08_2009
2008/08/20,06:51:06.112000,53.3909,-168.1773,11.65,0.64,VT,3,ok08_2012
2008/08/20,08:26:52.677000,53.419,-168.1315,4.85,0.7,VT,7,ok08_2018
2008/08/20,08:36:14.430000,53.4111,-168.1129,8.25,0.56,VT,4,ok08_2019
2008/08/20,09:12:10.105000,53.4141,-168.1581,-1.75,0.26,VT,6,ok08_2024
2008/08/20,09:45:23.751000,53.4117,-168.1623,7.25,0.77,VT,5,ok08_2028
2008/08/20,09:50:53.652000,53.4227,-168.1282,2.75,,VT,7,ok08_2030
2008/08/20,10:39:13.136000,53.3449,-168.1167,2.75,0.25,VT,6,ok08_2032
2008/08/20,11:02:07.463000,53.3296,-168.1603,12.45,1.41,VT,3,ok08_2034
2008/08/20,11:08:57.005000,53.4142,-168.1281,2.65,0.75,VT,6,ok08_2036
2008/08/20,11:34:32.433000,53.3882,-168.1898,2.65,0.54,VT,5,ok08_2039
2008/08/20,11:42:28.204000,53.3664,-168.2829,1.35,0.84,LP,6,ok08_2040
2008/08/20,12:09:00.938000,53.42,-168.1258,1.55,0.89,LP,6,ok08_2043
2008/08/20,12:12:50.521000,53.4335,-168.1518,3.85,0.83,VT,4,ok08_2044
2008/08/20,12:30:43.943000,53.4074,-168.2093,1.05,0.44,VT,4,ok08_2048
2008/08/20,13:21:04.523000,53.4003,-168.1735,10.65,0.83,LP,5,ok08_2055
2008/08/20,13:27:21.801000,53.4101,-168.1745,1.45,0.95,LP,6,ok08_2056
2008/08/20,13:48:15.762000,53.4178,-168.1786,5.05,0.99,LP,5,ok08_2058
2008/08/20,13:56:24.209000,53.3796,-168.1136,9.25,0.22,VT,3,ok08_2059
2008/08/20,13:57:17.231000,53.4294,-168.2883,0.75,0.58,VT,5,ok08_2060
2008/08/20,14:27:41.251000,53.4227,-168.1328,3.75,1.03,VT,7,ok08_2065
2008/08/20,14:33:12.421000,53.4127,-168.1516,4.25,0.01,VT,4,ok08_2067
2008/08/20,15:22:34.363000,53.4057,-168.1661,5.05,-0.25,VT,5,ok08_2072
2008/08/20,16:28:53.562000,53.4047,-168.1713,3.25,0.9,LP,6,ok08_2078
2008/08/20,16:57:45.138000,53.4187,-168.1326,2.75,0.56,VT,6,ok08_2081
2008/08/20,18:04:53.962000,53.4262,-168.1441,5.15,-0.19,VT,4,ok08_2084
2008/08/20,18:16:40.822000,53.3134,-168.1053,12.95,0.22,VT,4,ok08_2086
2008/08/20,18:20:06.706000,53.4527,-168.1565,1.65,-0.29,VT,4,ok08_2088
2008/08/20,18:23:41.676000,53.3675,-168.1643,9.75,,VT,4,ok08_2089
2008/08/20,18:28:50.156000,53.4062,-168.1404,5.15,0.37,VT,7,ok08_2091
2008/08/20,18:29:58.049000,53.4069,-168.1821,1.05,-0.15,VT,3,ok08_2092
2008/08/20,18:32:31.825000,53.3767,-168.2406,4.05,0.92,LP,6,ok08_2093
2008/08/20,18:39:48.642000,53.4084,-168.1036,4.75,1.16,VT,7,ok08_2094
2008/08/20,19:01:33.143000,53.4084,-168.1135,4.85,0.38,VT,4,ok08_2097
2008/08/20,19:10:44.485000,53.3939,-168.1032,13.55,0.96,VT,7,ok08_2098
2008/08/20,19:12:19.004000,53.406,-168.1535,7.75,0.62,VT,4,ok08_2099
2008/08/20,19:35:05.258000,53.4414,-168.1756,1.85,0.2,VT,4,ok08_2104
2008/08/20,20:27:49.426000,53.4015,-168.1214,0.45,-0.28,VT,4,ok08_2107
2008/08/20,21:01:44.805000,53.3918,-168.1645,4.05,0.28,VT,4,ok08_2110
2008/08/20,21:16:37.760000,53.4181,-168.1716,4.85,0.4,VT,4,ok08_2113
2008/08/20,22:24:23.856000,53.2848,-168.1158,2.75,0.8,VT,6,ok08_2116
2008/08/20,22:27:45.960000,53.3994,-168.1682,3.95,0.89,LP,7,ok08_2118
2008/08/20,22:54:23.297000,53.3875,-168.1848,6.65,-0.42,VT,3,ok08_2120
2008/08/20,23:01:08.793000,53.4046,-168.1582,4.25,0.16,VT,4,ok08_2121
2008/08/20,23:11:24.221000,53.3964,-168.1427,6.35,0.51,VT,4,ok08_2123
2008/08/20,23:32:36.648000,53.4224,-168.1724,4.25,0.34,VT,6,ok08_2127
2008/08/20,23:33:18.513000,53.411,-168.1672,3.05,,VT,3,ok08_2128
2008/08/20,23:35:55.698000,53.4085,-168.2064,1.85,1.1,VT,7,ok08_2129
2008/08/20,23:46:35.318000,53.2776,-168.328,2.45,0.28,VT,6,ok08_2130
2008/08/20,23:52:08.879000,53.2821,-168.3385,1.15,0.56,VT,5,ok08_2132
2008/08/20,23:52:50.247000,53.2821,-168.3397,1.15,0.45,VT,6,ok08_2133
2008/08/21,00:25:50.784000,53.4301,-168.1613,3.95,0.21,VT,4,ok08_2142
2008/08/21,00:31:38.545000,53.4144,-168.1408,3.45,0.27,VT,6,ok08_2143
2008/08/21,00:33:30.731000,53.4004,-168.1809,6.75,0.71,VT,6,ok08_2144
2008/08/21,00:45:15.338000,53.2366,-168.2312,5.85,0.75,VT,4,ok08_2149
2008/08/21,01:04:39.121000,53.4219,-168.0923,2.35,1.1,LP,6,ok08_2153
2008/08/21,01:22:45.189000,53.3954,-168.2193,3.45,1.0,LP,7,ok08_2154
2008/08/21,01:25:13.782000,53.41,-168.134,3.45,-0.04,VT,4,ok08_2156
2008/08/21,01:29:33.344000,53.3531,-168.1275,8.45,-0.03,VT,3,ok08_2157
2008/08/21,01:31:38.843000,53.4058,-168.2014,1.65,1.13,LP,6,ok08_2158
2008/08/21,01:32:00.138000,53.4268,-168.1265,4.35,0.72,VT,5,ok08_2159
2008/08/21,01:41:41.426000,53.3903,-168.1148,0.15,0.92,LP,6,ok08_2161
2008/08/21,01:50:54.271000,53.4197,-168.1497,3.85,0.74,LP,5,ok08_2163
2008/08/21,02:05:53.499000,53.4113,-168.2368,2.85,-0.2,VT,5,ok08_2165
2008/08/21,02:24:53.789000,53.2337,-168.233,2.05,0.7,VT,5,ok08_2168
2008/08/21,02:47:29.452000,53.2447,-168.2469,5.25,0.42,VT,4,ok08_2170
2008/08/21,02:51:31.223000,53.411,-168.15,4.25,0.89,LP,5,ok08_2171
2008/08/21,02:52:40.266000,53.2801,-168.3295,2.05,-0.02,VT,4,ok08_2173
2008/08/21,02:55:38.189000,53.4056,-168.1342,2.85,0.97,VT,7,ok08_2174
2008/08/21,03:11:54.778000,53.4164,-168.1758,6.05,0.16,VT,4,ok08_2176
2008/08/21,03:18:57.085000,53.3655,-168.2074,2.45,0.13,VT,4,ok08_2177
2008/08/21,03:20:14.668000,53.3532,-168.2367,2.25,0.14,VT,4,ok08_2178
2008/08/21,03:21:07.792000,53.4478,-168.1617,1.55,-0.15,VT,4,ok08_2179
2008/08/21,03:23:57.473000,53.4349,-168.1606,3.45,0.16,VT,4,ok08_2181
2008/08/21,03:33:42.790000,53.4178,-168.1582,1.95,0.84,VT,8,ok08_2183
2008/08/21,04:00:01.744000,53.2035,-168.4671,0.45,0.86,VT,3,ok08_2184
2008/08/21,04:08:46.180000,53.2435,-168.2421,5.25,0.83,VT,6,ok08_2186
2008/08/21,04:17:07.883000,53.4008,-168.1354,1.65,0.93,VT,6,ok08_2190
2008/08/21,04:41:32.763000,53.2824,-168.3418,0.45,0.38,VT,5,ok08_2194
2008/08/21,04:45:32.203000,53.3909,-168.3328,2.65,0.17,VT,6,ok08_2195
2008/08/21,04:51:27.489000,53.2822,-168.3419,0.65,0.73,VT,7,ok08_2197
2008/08/21,04:54:31.146000,53.2815,-168.338,0.65,0.45,VT,6,ok08_2198
2008/08/21,05:10:49.925000,53.3987,-168.1523,4.25,0.87,LP,6,ok08_2201
2008/08/21,05:15:31.827000,53.3087,-168.1674,0.75,0.89,VT,5,ok08_2202
2008/08/21,05:37:08.733000,53.4182,-168.1871,2.25,0.1,VT,4,ok08_2205
2008/08/21,05:39:23.454000,53.4223,-168.1283,5.05,0.86,VT,5,ok08_2206
2008/08/21,06:05:04.127000,53.2109,-168.2644,6.15,0.21,VT,4,ok08_2210
2008/08/21,06:21:25.306000,53.4567,-168.1665,1.15,0.21,VT,5,ok08_2211
2008/08/21,07:18:55.267000,53.4297,-168.1189,4.45,0.61,VT,4,ok08_2216
2008/08/21,07:25:19.632000,53.4266,-168.1551,4.65,-0.1,VT,4,ok08_2217
2008/08/21,07:25:32.678000,53.4204,-168.1632,6.25,0.34,VT,4,ok08_2218
2008/08/21,07:56:24.878000,53.4208,-168.1772,4.35,0.1,VT,4,ok08_2220
2008/08/21,08:14:23.902000,53.2511,-168.2575,4.95,0.63,VT,5,ok08_2222
2008/08/21,08:17:47.258000,53.2265,-168.28,5.25,0.29,VT,4,ok08_2223
2008/08/21,08:22:12.733000,53.2243,-168.2882,5.75,0.5,VT,4,ok08_2224
2008/08/21,08:32:03.768000,53.4066,-168.1713,8.95,0.16,VT,4,ok08_2226
2008/08/21,08:40:33.590000,53.4219,-168.1631,3.75,-0.15,VT,4,ok08_2228
2008/08/21,09:03:31.843000,53.2681,-168.3585,3.15,1.04,VT,8,ok08_2231
2008/08/21,09:05:17.840000,53.4197,-168.1042,8.65,0.71,VT,5,ok08_2232
2008/08/21,09:05:32.707000,53.2416,-168.2501,6.35,0.46,VT,4,ok08_2233
2008/08/21,09:11:16.069000,53.4177,-168.1941,3.55,-0.26,VT,4,ok08_2236
2008/08/21,09:12:10.170000,53.418,-168.1742,3.25,0.02,VT,4,ok08_2237
2008/08/21,09:47:06.809000,53.4535,-168.1522,1.45,-0.13,VT,4,ok08_2251
2008/08/21,10:19:59.983000,53.4175,-168.1338,-0.25,1.7,VT,12,ok08_2256
2008/08/21,10:29:29.539000,53.4047,-168.1811,4.95,1.14,LP,4,ok08_2258
2008/08/21,10:34:25.827000,53.2542,-168.267,4.95,0.19,VT,3,ok08_2259
2008/08/21,10:36:27.795000,53.2619,-168.3498,3.65,1.29,VT,9,ok08_2260
2008/08/21,10:41:32.526000,53.4264,-168.1718,4.15,0.34,VT,4,ok08_2261
2008/08/21,11:03:53.857000,53.4219,-168.1613,4.15,-0.2,VT,4,ok08_2263
2008/08/21,11:09:54.980000,53.2789,-168.3491,1.95,0.73,VT,7,ok08_2264
2008/08/21,11:11:26.360000,53.3985,-168.3443,4.65,0.57,VT,6,ok08_2266
2008/08/21,11:12:22.997000,53.2801,-168.3474,0.75,0.64,VT,6,ok08_2267
2008/08/21,11:24:02.978000,53.4093,-168.1561,1.25,-0.16,VT,3,ok08_2270
2008/08/21,11:55:22.075000,53.3639,-168.2946,3.55,0.87,LP,4,ok08_2271
2008/08/21,11:59:28.327000,53.4306,-168.1801,3.15,0.16,VT,4,ok08_2272
2008/08/21,12:04:01.510000,53.2763,-168.346,1.15,0.34,VT,5,ok08_2273
2008/08/21,12:51:01.696000,53.4424,-168.1822,2.35,0.25,VT,4,ok08_2280
2008/08/21,12:58:01.536000,53.2324,-168.3125,4.85,0.33,VT,4,ok08_2283
2008/08/21,13:05:24.248000,53.2343,-168.2743,9.65,0.78,VT,5,ok08_2288
2008/08/21,13:25:38.749000,53.4166,-168.1827,3.15,1.56,VT,7,ok08_2292
2008/08/21,13:26:28.723000,53.4195,-168.1897,3.05,0.58,VT,5,ok08_2293
2008/08/21,13:30:21.147000,53.3014,-168.4509,12.25,1.09,VT,4,ok08_2294
2008/08/21,13:40:57.984000,53.2429,-168.3961,1.75,0.66,VT,3,ok08_2296
2008/08/21,17:00:59.284000,53.3146,-168.1418,11.55,0.69,VT,3,ok08_2318
2008/08/21,18:09:27.703000,53.4069,-168.1711,3.85,0.82,LP,6,ok08_2320
2008/08/21,19:12:49.093000,53.4319,-168.0915,3.75,0.15,VT,5,ok08_2326
2008/08/21,19:44:54.348000,53.425,-168.1217,4.35,0.34,VT,4,ok08_2330
2008/08/21,20:10:10.258000,53.3655,-168.2104,2.85,1.0,VT,5,ok08_2332
2008/08/21,20:23:30.806000,53.257,-168.361,3.05,1.14,VT,7,ok08_2333
2008/08/21,20:54:40.205000,53.4058,-168.1469,7.15,-0.01,VT,4,ok08_2337
2008/08/21,21:46:03.421000,53.386,-168.1152,2.85,1.22,VT,6,ok08_2339
2008/08/21,21:48:45.615000,53.4019,-168.1632,1.25,2.37,VT,18,ok08_2340
2008/08/21,22:40:44.717000,53.3757,-168.2473,1.85,0.77,VT,4,ok08_2348
2008/08/21,23:10:49.083000,53.2563,-168.3617,2.55,0.7,VT,3,ok08_2350
2008/08/22,00:29:39.514000,53.3771,-167.9942,12.35,0.52,VT,3,ok08_2357
2008/08/22,01:51:58.315000,53.2541,-168.3738,1.65,0.63,VT,4,ok08_2361
2008/08/22,02:01:39.758000,53.3993,-168.1916,6.95,-0.04,VT,4,ok08_2363
2008/08/22,02:18:56.433000,53.4266,-168.1864,2.45,1.03,VT,4,ok08_2365
2008/08/22,03:04:11.152000,53.3226,-168.1096,10.35,1.02,VT,3,ok08_2366
2008/08/22,03:52:42.787000,53.4024,-168.1661,3.55,0.68,VT,6,ok08_2368
2008/08/22,04:11:08.758000,53.4158,-168.1792,4.85,0.33,VT,4,ok08_2371
2008/08/22,05:12:14.522000,53.4269,-168.1997,3.15,0.55,VT,4,ok08_2373
2008/08/22,05:23:57.930000,53.3844,-168.0803,14.25,0.9,VT,3,ok08_2375
2008/08/22,06:03:43.478000,53.3014,-168.422,12.05,0.7,VT,5,ok08_2378
2008/08/22,07:08:03.543000,53.3291,-168.195,12.45,0.48,VT,3,ok08_2380
2008/08/22,07:57:40.475000,53.3077,-168.1721,13.35,0.37,VT,3,ok08_2381
2008/08/22,08:03:51.374000,53.3287,-168.1459,13.65,0.15,VT,3,ok08_2382
2008/08/22,08:04:01.977000,53.4532,-168.1602,2.15,-0.4,VT,4,ok08_2383
2008/08/22,08:32:08.156000,53.4287,-168.173,2.25,1.09,LP,4,ok08_2385
2008/08/22,08:52:39.743000,53.4232,-168.1963,3.35,0.44,VT,7,ok08_2387
2008/08/22,09:20:55.428000,53.2642,-168.3495,2.15,0.55,VT,4,ok08_2390
2008/08/22,09:22:48.383000,53.4496,-168.1681,3.05,-0.41,VT,4,ok08_2391
2008/08/22,09:35:05.498000,53.2612,-168.3755,0.95,0.39,VT,6,ok08_2394
2008/08/22,09:55:23.442000,53.2812,-168.3137,1.55,0.54,VT,6,ok08_2398
2008/08/22,09:58:28.569000,53.2821,-168.3144,1.05,0.42,VT,5,ok08_2402
2008/08/22,10:07:06.358000,53.2395,-168.349,5.95,1.58,VT,10,ok08_2405
2008/08/22,10:13:03.870000,53.2801,-168.3137,1.75,0.52,VT,5,ok08_2406
2008/08/22,10:14:46.632000,53.2799,-168.3161,1.95,0.41,VT,5,ok08_2407
2008/08/22,10:17:39.802000,53.3949,-168.328,4.55,0.27,VT,5,ok08_2408
2008/08/22,10:20:36.654000,53.2011,-168.4278,2.45,1.0,VT,5,ok08_2409
2008/08/22,10:33:58.777000,53.3919,-168.3314,4.15,0.79,VT,7,ok08_2413
2008/08/22,10:37:06.402000,53.2551,-168.3702,2.65,0.6,VT,5,ok08_2416
2008/08/22,10:52:58.504000,53.2821,-168.3124,1.15,0.15,VT,5,ok08_2422
2008/08/22,11:23:11.109000,53.2544,-168.3762,1.55,0.82,VT,5,ok08_2427
2008/08/22,11:30:51.966000,53.2151,-168.4511,0.65,0.54,VT,3,ok08_2429
2008/08/22,11:36:54.076000,53.2087,-168.4354,1.95,0.8,VT,5,ok08_2431
2008/08/22,11:46:47.976000,53.2618,-168.3583,1.65,0.55,VT,5,ok08_2434
2008/08/22,13:04:41.969000,53.4299,-168.1912,2.95,2.17,VT,16,ok08_2438
2008/08/22,13:05:31.357000,53.2659,-168.3609,0.75,1.22,VT,4,ok08_2439
2008/08/22,13:45:38.994000,53.3374,-168.0859,11.95,0.32,VT,3,ok08_2443
2008/08/22,14:49:32.990000,53.3935,-168.3238,3.85,0.43,VT,6,ok08_2447
2008/08/22,16:39:01.094000,53.4071,-168.1354,1.95,0.83,VT,8,ok08_2449
2008/08/22,16:52:47.840000,53.4249,-168.0885,10.85,0.5,VT,5,ok08_2450
2008/08/22,22:50:57.209000,53.3952,-168.2033,4.35,1.01,LP,7,ok08_2463
2008/08/23,00:48:25.804000,53.4227,-168.1675,2.65,0.4,VT,5,ok08_2466
2008/08/23,01:38:44.480000,53.3428,-168.1767,13.65,0.88,VT,3,ok08_2469
2008/08/23,02:24:04.928000,53.3332,-168.1215,9.05,0.97,VT,4,ok08_2472
2008/08/23,02:50:57.960000,53.392,-168.1791,14.45,0.61,VT,5,ok08_2474
2008/08/23,04:56:40.258000,53.4087,-168.2168,3.05,0.41,VT,4,ok08_2477
2008/08/23,07:36:30.738000,53.4025,-168.1438,5.45,0.76,VT,6,ok08_2481
2008/08/23,07:37:04.830000,53.4116,-168.1661,0.85,1.42,VT,9,ok08_2483
2008/08/23,07:58:55.831000,53.4118,-168.1095,6.75,1.23,VT,9,ok08_2484
2008/08/23,08:18:47.958000,53.39,-168.1717,2.65,0.55,VT,4,ok08_2485
2008/08/23,08:44:32.255000,53.4212,-168.1259,5.15,1.08,VT,8,ok08_2489
2008/08/23,09:26:20.005000,53.2952,-168.1419,12.35,0.94,VT,3,ok08_2491
2008/08/23,12:00:20.434000,53.328,-168.2055,14.65,0.71,VT,3,ok08_2494
2008/08/23,12:48:20.032000,53.4232,-168.127,4.25,0.28,VT,5,ok08_2497
2008/08/23,13:08:04.026000,53.4078,-168.0607,9.05,0.9,VT,5,ok08_2499
2008/08/23,13:10:30.984000,53.4144,-168.1472,5.35,0.31,VT,5,ok08_2500
2008/08/23,13:33:21.751000,53.4131,-168.1913,3.35,0.31,VT,4,ok08_2502
2008/08/23,14:28:56.991000,53.3971,-168.1548,2.65,0.69,VT,3,ok08_2503
2008/08/23,14:50:46.047000,53.4149,-168.0965,7.35,0.77,VT,6,ok08_2505
2008/08/23,17:00:07.034000,53.4534,-168.1457,2.55,-0.0,VT,4,ok08_2509
2008/08/23,17:00:48.945000,53.4217,-168.191,3.05,0.77,VT,5,ok08_2510
2008/08/23,19:37:47.723000,53.4252,-168.1515,3.35,0.84,VT,4,ok08_2522
2008/08/23,19:43:22.878000,53.2622,-168.1504,10.65,1.0,VT,6,ok08_2523
2008/08/23,20:29:59.136000,53.4092,-168.1664,3.15,0.74,VT,7,ok08_2527
2008/08/23,20:34:47.859000,53.3829,-168.1479,3.75,0.57,VT,4,ok08_2528
2008/08/23,22:13:56.639000,53.405,-168.1391,2.45,0.29,VT,3,ok08_2532
2008/08/23,22:43:29.674000,53.3877,-168.1746,3.25,1.16,LP,6,ok08_2534
2008/08/23,23:49:59.289000,53.3293,-168.3083,0.65,0.43,VT,3,ok08_2536
2008/08/23,23:56:57.044000,53.3145,-168.165,15.35,0.56,VT,3,ok08_2537
2008/08/24,00:14:12.632000,53.3088,-168.1025,14.75,0.96,VT,3,ok08_2539
2008/08/24,00:15:22.707000,53.3993,-168.1916,6.95,0.29,VT,4,ok08_2540
2008/08/24,00:34:51.397000,53.387,-168.1304,0.75,0.34,VT,4,ok08_2541
2008/08/24,03:01:22.016000,53.27,-168.344,2.75,0.77,VT,6,ok08_2546
2008/08/24,03:15:36.189000,53.4207,-168.1566,3.65,1.12,VT,7,ok08_2548
2008/08/24,03:26:34.503000,53.4049,-168.1338,2.95,1.15,VT,7,ok08_2549
2008/08/24,04:27:23.982000,53.4007,-168.1157,0.15,1.24,VT,5,ok08_2556
2008/08/24,06:44:35.454000,53.4125,-168.1588,6.05,0.21,VT,4,ok08_2558
2008/08/24,07:26:49.968000,53.3762,-167.9968,12.45,0.52,VT,3,ok08_2560
2008/08/24,07:33:03.216000,53.4093,-168.1694,2.65,0.79,VT,5,ok08_2561
2008/08/24,08:19:12.381000,53.3922,-168.2241,1.85,0.01,VT,4,ok08_2564
2008/08/24,11:09:52.587000,53.3242,-168.135,13.95,0.44,VT,3,ok08_2572
2008/08/24,12:08:44.827000,53.4166,-168.1503,4.45,0.13,VT,4,ok08_2576
2008/08/24,13:30:01.615000,53.3412,-168.1436,12.85,0.47,VT,3,ok08_2580
2008/08/24,13:51:33.647000,53.3172,-168.1076,13.95,1.0,VT,3,ok08_2582
2008/08/24,15:16:13.861000,53.3199,-168.1068,13.35,0.48,VT,3,ok08_2587
2008/08/24,16:37:04.442000,53.4356,-168.1496,4.35,0.21,VT,4,ok08_2590
2008/08/24,17:51:00.842000,53.4132,-168.1474,3.65,0.18,VT,4,ok08_2595
2008/08/24,20:00:02.071000,53.2297,-168.334,6.95,1.04,VT,4,ok08_2599
2008/08/24,20:01:27.181000,53.3935,-168.3238,3.85,0.81,VT,5,ok08_2600
2008/08/24,20:30:30.695000,53.4117,-168.172,7.25,0.69,VT,4,ok08_2601
2008/08/24,20:42:35.641000,53.4049,-168.0959,5.55,0.65,VT,7,ok08_2603
2008/08/24,20:57:04.450000,53.4127,-168.1707,7.05,0.54,VT,4,ok08_2605
2008/08/24,22:16:05.744000,53.3295,-168.177,15.15,0.75,VT,3,ok08_2612
2008/08/24,23:10:01.546000,53.3172,-168.1535,11.35,0.75,VT,3,ok08_2615
2008/08/25,00:11:21.594000,53.4153,-168.1386,1.95,0.79,VT,8,ok08_2617
2008/08/25,01:26:24.941000,53.4097,-168.19,5.05,0.21,VT,4,ok08_2621
2008/08/25,01:55:04.048000,53.419,-168.1296,6.75,-0.11,VT,4,ok08_2623
2008/08/25,03:17:03.784000,53.3779,-168.1884,9.25,0.99,LP,7,ok08_2628
2008/08/25,03:58:48.873000,53.4093,-168.1597,3.55,0.63,VT,7,ok08_2631
2008/08/25,04:58:51.767000,53.4061,-168.146,7.95,0.28,VT,4,ok08_2632
2008/08/25,08:45:39.691000,53.4354,-168.1762,3.85,1.45,VT,7,ok08_2640
2008/08/25,10:06:13.296000,53.4266,-168.1439,5.65,-0.14,VT,4,ok08_2644
2008/08/25,12:32:39.411000,53.4197,-168.1389,5.05,0.05,VT,4,ok08_2648
2008/08/25,12:45:41.449000,53.4429,-168.0988,6.95,0.61,VT,4,ok08_2649
2008/08/25,13:02:02.181000,53.4532,-168.1161,4.95,0.86,VT,5,ok08_2650
2008/08/25,13:42:59.842000,53.3267,-168.137,14.65,0.57,VT,3,ok08_2651
2008/08/25,18:09:50.692000,53.4222,-168.1427,5.65,0.34,VT,6,ok08_2659
2008/08/25,18:11:09.242000,53.419,-168.1557,5.95,0.64,VT,5,ok08_2660
2008/08/25,18:59:13.147000,53.449,-168.2465,13.35,1.17,VT,6,ok08_2670
2008/08/25,20:01:12.415000,53.4143,-168.0532,4.65,1.15,VT,5,ok08_2678
2008/08/25,21:01:31.608000,53.3237,-168.2891,1.95,1.4,VT,7,ok08_2683
2008/08/25,21:48:11.005000,53.3041,-168.1431,3.85,0.83,VT,5,ok08_2686
2008/08/25,21:59:10.011000,53.3417,-167.9954,3.95,0.53,VT,4,ok08_2688
2008/08/25,23:27:50.134000,53.4467,-168.1538,3.75,0.2,VT,4,ok08_2691
2008/08/25,23:49:08.770000,53.406,-168.1429,7.15,0.49,VT,4,ok08_2693
2008/08/25,23:56:27.341000,53.4294,-168.139,5.45,0.84,VT,5,ok08_2694
2008/08/26,00:20:28.843000,53.3144,-168.1068,10.35,0.79,VT,3,ok08_2696
2008/08/26,02:37:44.991000,53.3994,-168.1512,3.25,1.02,VT,6,ok08_2699
2008/08/26,02:46:47.014000,53.4219,-168.1433,5.95,0.88,VT,6,ok08_2700
2008/08/26,03:49:35.312000,53.2953,-168.1091,4.95,1.1,VT,7,ok08_2704
2008/08/26,05:09:34.849000,53.4226,-168.1881,2.95,0.46,VT,3,ok08_2710
2008/08/26,05:11:59.605000,53.3807,-168.0904,1.95,0.23,VT,3,ok08_2711
2008/08/26,05:57:25.173000,53.2983,-168.1829,1.85,0.94,VT,7,ok08_2714
2008/08/26,06:05:12.076000,53.4208,-168.1449,5.05,0.99,VT,4,ok08_2715
2008/08/26,06:41:51.861000,53.4229,-168.1388,4.55,1.21,VT,7,ok08_2716
2008/08/26,06:42:18.907000,53.3907,-168.1354,1.25,0.89,VT,7,ok08_2717
2008/08/26,06:42:44.504000,53.3486,-168.2076,13.65,0.79,VT,3,ok08_2718
2008/08/26,06:43:20.362000,53.3448,-168.1797,9.55,0.66,VT,3,ok08_2719
2008/08/26,06:46:03.728000,53.2485,-168.1178,7.05,0.97,VT,6,ok08_2720
2008/08/26,07:37:57.598000,53.3679,-168.0611,-0.35,,VT,3,ok08_2725
2008/08/26,07:44:21.938000,53.3756,-168.0829,0.95,0.42,VT,3,ok08_2726
2008/08/26,07:50:53.449000,53.4211,-168.1713,4.65,0.55,VT,4,ok08_2727
2008/08/26,08:14:36.514000,53.3645,-168.0771,1.15,0.43,VT,3,ok08_2728
2008/08/26,08:27:34.884000,53.3509,-168.0754,1.35,0.44,VT,3,ok08_2729
2008/08/26,09:15:57.448000,53.3797,-168.0859,1.25,-0.11,VT,3,ok08_2734
2008/08/26,09:23:20.052000,53.3987,-168.1533,2.65,0.05,VT,4,ok08_2735
2008/08/26,09:25:05.658000,53.3667,-168.0733,0.95,0.58,VT,3,ok08_2736
2008/08/26,09:30:31.319000,53.4178,-168.1508,0.15,0.16,VT,3,ok08_2737
2008/08/26,09:34:30.489000,53.4117,-168.1645,1.05,0.13,VT,3,ok08_2738
2008/08/26,09:39:00.587000,53.2771,-168.1097,1.05,1.61,VT,10,ok08_2739
2008/08/26,09:48:05.474000,53.4009,-168.1477,1.35,0.23,VT,4,ok08_2742
2008/08/26,10:05:42.199000,53.3568,-168.0733,0.95,0.46,VT,3,ok08_2745
2008/08/26,10:15:48.418000,53.2934,-168.1455,6.15,0.84,VT,7,ok08_2746
2008/08/26,10:17:16.166000,53.3531,-168.0742,1.15,0.26,VT,3,ok08_2747
2008/08/26,10:25:46.576000,53.425,-168.1398,4.45,0.74,VT,7,ok08_2749
2008/08/26,10:38:01.870000,53.3689,-168.076,1.15,0.54,VT,3,ok08_2750
2008/08/26,10:39:08.091000,53.4061,-168.1429,7.15,0.39,VT,4,ok08_2751
2008/08/26,10:52:23.967000,53.3672,-168.0763,1.25,0.63,VT,3,ok08_2753
2008/08/26,11:06:16.590000,53.3601,-168.0765,1.15,0.41,VT,3,ok08_2756
2008/08/26,11:12:50.729000,53.4009,-168.1541,1.15,0.23,VT,4,ok08_2757
2008/08/26,11:49:19.765000,53.366,-168.082,1.35,0.33,VT,3,ok08_2761
2008/08/26,12:03:34.365000,53.3641,-168.0748,1.15,0.56,VT,3,ok08_2764
2008/08/26,12:10:35.084000,53.3721,-168.0817,1.35,0.28,VT,3,ok08_2765
2008/08/26,12:13:44.159000,53.4178,-168.1508,0.15,0.11,VT,3,ok08_2766
2008/08/26,12:26:30.176000,53.4316,-168.173,2.55,0.1,VT,4,ok08_2768
2008/08/26,12:47:10.194000,53.3657,-168.0683,0.75,0.31,VT,3,ok08_2769
2008/08/26,13:21:52.479000,53.3985,-168.1492,2.25,0.14,VT,4,ok08_2772
2008/08/26,13:24:49.532000,53.3627,-168.0716,1.35,0.42,VT,3,ok08_2773
2008/08/26,13:26:15.239000,53.4645,-168.2452,12.95,0.77,VT,4,ok08_2774
2008/08/26,13:33:22.082000,53.4,-168.1704,3.45,0.71,VT,8,ok08_2775
2008/08/26,13:35:20.765000,53.2862,-168.1428,5.05,0.84,VT,7,ok08_2776
2008/08/26,13:56:01.385000,53.4008,-168.1501,2.15,0.15,VT,4,ok08_2779
2008/08/26,14:02:42.227000,53.3985,-168.1291,2.15,0.04,VT,4,ok08_2781
2008/08/26,14:08:25.718000,53.3979,-168.1624,0.85,-0.1,VT,4,ok08_2782
2008/08/26,14:18:09.347000,53.3998,-168.1523,3.25,0.04,VT,4,ok08_2784
2008/08/26,14:32:39.720000,53.3986,-168.1421,1.45,0.04,VT,5,ok08_2786
2008/08/26,14:41:55.857000,53.3986,-168.1473,3.15,-0.06,VT,4,ok08_2788
2008/08/26,14:51:29.057000,53.4097,-168.1649,0.55,0.1,VT,5,ok08_2791
2008/08/26,14:58:25.978000,53.3985,-168.1582,1.95,0.13,VT,4,ok08_2792
2008/08/26,15:01:26.383000,53.3962,-168.1633,1.15,0.09,VT,4,ok08_2794
2008/08/26,15:02:57.202000,53.3998,-168.1612,1.75,-0.15,VT,4,ok08_2795
2008/08/26,15:12:34.010000,53.3985,-168.1503,0.55,0.21,VT,4,ok08_2797
2008/08/26,15:31:27.160000,53.3986,-168.1523,1.45,-0.06,VT,4,ok08_2799
2008/08/26,15:32:00.451000,53.4232,-168.1496,4.65,0.02,VT,4,ok08_2800
2008/08/26,15:34:15.372000,53.4059,-168.1675,2.35,-0.17,VT,4,ok08_2801
2008/08/26,15:37:33.400000,53.3137,-168.3052,1.75,0.44,VT,7,ok08_2802
2008/08/26,15:53:01.017000,53.4001,-168.1531,2.85,0.03,VT,4,ok08_2804
2008/08/26,16:01:24.479000,53.4015,-168.1341,1.85,-0.08,VT,4,ok08_2807
2008/08/26,16:16:47.938000,53.3984,-168.1509,0.95,-0.05,VT,4,ok08_2809
2008/08/26,16:24:20.059000,53.4007,-168.1397,2.35,-0.02,VT,4,ok08_2810
2008/08/26,16:30:58.345000,53.4655,-168.2674,14.65,0.56,VT,4,ok08_2814
2008/08/26,16:33:04.813000,53.4086,-168.1667,1.15,0.1,VT,4,ok08_2815
2008/08/26,16:37:10.528000,53.3979,-168.1624,2.35,-0.15,VT,4,ok08_2816
2008/08/26,16:51:36.163000,53.4009,-168.1281,2.45,-0.12,VT,4,ok08_2818
2008/08/26,16:55:06.241000,53.4323,-168.093,9.25,0.07,VT,3,ok08_2819
2008/08/26,16:58:05.001000,53.4091,-168.1642,0.75,-0.03,VT,5,ok08_2820
2008/08/26,16:59:47.108000,53.4001,-168.1553,2.65,0.0,VT,4,ok08_2821
2008/08/26,17:05:06.950000,53.3713,-168.0751,0.95,0.17,VT,3,ok08_2822
2008/08/26,17:32:15.529000,53.3995,-168.1557,2.45,-0.11,VT,4,ok08_2825
2008/08/26,18:03:23.552000,53.4013,-168.1583,6.85,0.37,VT,6,ok08_2828
2008/08/26,18:03:58.729000,53.3854,-168.1979,8.95,-0.01,VT,3,ok08_2829
2008/08/26,18:07:54.392000,53.3199,-168.2767,0.05,0.35,VT,6,ok08_2830
2008/08/26,18:10:51.620000,53.4057,-168.1349,1.75,0.6,VT,7,ok08_2831
2008/08/26,19:36:40.031000,53.2794,-168.1392,5.95,0.69,VT,5,ok08_2837
2008/08/26,20:17:26.279000,53.4246,-168.0577,6.35,-0.1,VT,4,ok08_2839
2008/08/26,20:50:09.293000,53.4319,-168.0622,3.15,0.41,VT,3,ok08_2840
2008/08/26,21:40:55.999000,53.4094,-168.1391,3.95,0.44,VT,4,ok08_2842
2008/08/26,22:12:56.779000,53.3748,-168.1874,11.45,1.28,VT,6,ok08_2844
2008/08/26,22:13:19.524000,53.3486,-168.2076,13.65,1.73,VT,3,ok08_2845
2008/08/26,22:14:38.411000,53.3905,-168.2061,10.25,1.23,VT,8,ok08_2846
2008/08/27,00:01:33.120000,53.3342,-168.3008,0.65,0.67,VT,5,ok08_2848
2008/08/27,00:22:54.828000,53.4291,-168.127,-0.15,0.25,VT,5,ok08_2849
2008/08/27,00:42:06.947000,53.4344,-168.1733,3.75,-0.06,VT,4,ok08_2850
2008/08/27,02:35:23.292000,53.4082,-168.1669,2.35,-0.01,VT,4,ok08_2853
2008/08/27,04:12:26.972000,53.3494,-168.2342,2.35,0.47,VT,5,ok08_2856
2008/08/27,04:58:21.013000,53.316,-168.2909,2.55,1.26,VT,10,ok08_2858
2008/08/27,05:08:17.616000,53.3397,-168.1186,9.65,0.98,VT,4,ok08_2859
2008/08/27,05:57:15.271000,53.4685,-168.2383,13.55,0.79,VT,6,ok08_2860
2008/08/27,07:37:25.968000,53.4069,-168.1337,5.85,0.27,VT,5,ok08_2867
2008/08/27,07:50:07.861000,53.3038,-168.1808,1.95,1.16,VT,8,ok08_2869
2008/08/27,08:54:56.931000,53.275,-168.1397,4.25,1.38,VT,9,ok08_2870
2008/08/27,09:51:51.361000,53.3997,-168.0616,11.45,0.76,VT,4,ok08_2873
2008/08/27,10:05:19.687000,53.2956,-168.1469,4.05,0.69,VT,7,ok08_2874
2008/08/27,10:10:46.246000,53.3933,-168.1785,11.55,0.81,VT,8,ok08_2875
2008/08/27,10:54:41.470000,53.4116,-168.1878,12.35,0.36,VT,3,ok08_2878
2008/08/27,11:40:57.790000,53.4346,-168.0969,9.15,1.23,VT,7,ok08_2882
2008/08/27,12:20:25.356000,53.3308,-168.2254,13.35,0.65,VT,3,ok08_2883
2008/08/27,12:40:29.898000,53.2896,-168.1614,3.85,0.62,VT,6,ok08_2885
2008/08/27,12:53:34.969000,53.398,-168.1715,9.15,0.78,VT,4,ok08_2886
2008/08/27,13:35:38.299000,53.3024,-168.1803,3.75,1.16,VT,6,ok08_2887
2008/08/27,13:35:53.986000,53.3025,-168.18,3.85,1.18,VT,6,ok08_2888
2008/08/27,13:37:15.380000,53.2605,-168.1155,8.95,0.89,VT,5,ok08_2889
2008/08/27,13:43:38.470000,53.3028,-168.1808,3.85,0.6,VT,6,ok08_2890
2008/08/27,13:49:24.725000,53.4116,-168.2127,11.75,0.59,VT,4,ok08_2891
2008/08/27,13:56:52.524000,53.3952,-168.1326,5.95,0.45,VT,4,ok08_2893
2008/08/27,14:24:29.086000,53.4017,-168.1526,2.45,0.59,VT,6,ok08_2895
2008/08/27,16:19:28.265000,53.2869,-168.1644,0.95,0.74,VT,3,ok08_2900
2008/08/27,17:45:58.934000,53.387,-168.2035,6.55,0.53,VT,3,ok08_2902
2008/08/27,19:08:41.479000,53.3881,-168.1331,2.55,0.98,VT,6,ok08_2903
2008/08/27,19:17:56.268000,53.2837,-168.152,5.45,1.04,VT,6,ok08_2904
2008/08/27,21:20:49.432000,53.4131,-168.1725,2.25,2.14,VT,15,ok08_2910
2008/08/28,00:21:17.548000,53.2892,-168.1683,0.95,0.91,VT,5,ok08_2913
2008/08/28,00:26:00.951000,53.2791,-168.1343,4.65,0.96,VT,6,ok08_2914
2008/08/28,00:27:40.839000,53.2852,-168.1357,3.15,0.82,VT,5,ok08_2915
2008/08/28,01:31:52.454000,53.4269,-168.1399,4.65,0.74,VT,5,ok08_2917
2008/08/28,05:36:54.965000,53.3254,-168.14,14.65,0.79,VT,3,ok08_2923
2008/08/28,09:49:26.001000,53.4075,-168.1996,5.45,0.71,VT,4,ok08_2927
2008/08/28,10:16:21.043000,53.3822,-168.1842,12.65,0.6,VT,4,ok08_2929
2008/08/28,11:53:03.719000,53.3922,-168.1801,4.45,0.21,VT,4,ok08_2933
2008/08/28,11:58:46.206000,53.4214,-168.1912,3.15,0.31,VT,4,ok08_2934
2008/08/28,13:12:54.513000,53.4123,-168.2015,4.55,0.22,VT,3,ok08_2935
2008/08/28,13:53:29.648000,53.2874,-168.1389,1.85,1.21,VT,9,ok08_2937
2008/08/28,14:51:48.226000,53.4182,-168.1695,5.55,0.33,VT,4,ok08_2938
2008/08/28,16:13:53.474000,53.3381,-167.9954,2.05,0.4,VT,4,ok08_2940
2008/08/28,16:19:47.518000,53.4273,-168.1384,5.25,0.41,VT,4,ok08_2941
2008/08/28,16:20:26.034000,53.4159,-168.1988,4.55,0.62,VT,7,ok08_2942
2008/08/28,16:45:39.242000,53.3931,-168.1715,7.75,0.53,VT,4,ok08_2944
2008/08/28,16:46:03.915000,53.4153,-168.1386,1.95,0.72,VT,6,ok08_2945
2008/08/28,19:42:38.403000,53.429,-168.1651,3.45,0.51,VT,4,ok08_2947
2008/08/28,20:11:12.643000,53.4162,-168.1833,4.65,0.18,VT,4,ok08_2949
2008/08/28,20:31:40.052000,53.377,-168.2076,13.75,1.0,VT,8,ok08_2950
2008/08/28,20:48:45.288000,53.4219,-168.1422,3.15,-0.01,VT,4,ok08_2951
2008/08/28,22:45:17.198000,53.3988,-168.1571,6.15,0.6,VT,7,ok08_2956
2008/08/28,23:10:30.762000,53.4285,-168.1338,2.15,0.41,VT,4,ok08_2958
2008/08/29,01:16:40.318000,53.4253,-168.3004,1.95,1.39,VT,9,ok08_2963
2008/08/29,04:38:00.020000,53.2783,-168.1299,4.55,1.03,VT,6,ok08_2966
2008/08/29,06:32:20.225000,53.4246,-168.0644,6.85,0.37,VT,3,ok08_2969
2008/08/29,07:33:44.201000,53.3746,-168.1032,12.65,1.45,VT,9,ok08_2970
2008/08/29,07:55:26.612000,53.4174,-168.1462,5.15,0.2,VT,3,ok08_2971
2008/08/29,08:30:19.812000,53.4077,-168.1554,2.55,0.05,VT,4,ok08_2973
2008/08/29,12:46:23.614000,53.4118,-168.1027,7.55,1.64,VT,7,ok08_2979
2008/08/29,17:04:36.769000,53.3062,-168.181,1.85,1.13,VT,7,ok08_2986
2008/08/29,17:27:18.234000,53.2937,-168.1418,4.05,0.48,VT,6,ok08_2988
2008/08/29,17:53:40.441000,53.3917,-168.1297,9.15,0.57,VT,4,ok08_2989
2008/08/29,18:23:13.097000,53.4167,-168.1395,1.35,0.8,VT,7,ok08_2991
2008/08/29,18:45:12.056000,53.33,-168.1393,13.35,0.9,VT,3,ok08_2994
2008/08/29,19:51:58.819000,53.4087,-168.1333,1.85,0.85,VT,6,ok08_2996
2008/08/29,19:52:19.100000,53.3198,-168.2193,15.55,1.08,VT,4,ok08_2997
2008/08/29,23:09:50.221000,53.4105,-168.1753,0.75,0.71,VT,5,ok08_2999
2008/08/29,23:37:55.025000,53.4047,-168.1357,3.05,0.87,VT,6,ok08_3000
2008/08/29,23:48:55.620000,53.4204,-168.1484,5.25,1.0,VT,6,ok08_3001
2008/08/30,01:04:57.280000,53.281,-168.1317,4.35,1.1,VT,6,ok08_3004
2008/08/30,03:46:23.739000,53.455,-168.2378,15.45,1.03,VT,4,ok08_3007
2008/08/30,06:39:15.078000,53.4065,-167.9485,3.45,0.31,VT,3,ok08_3008
2008/08/30,06:54:27.676000,53.4114,-168.192,5.25,0.44,VT,4,ok08_3009
2008/08/30,08:25:09.987000,53.4569,-168.291,3.25,0.9,VT,4,ok08_3011
2008/08/30,08:56:47.455000,53.2866,-168.1323,2.75,1.3,VT,9,ok08_3012
2008/08/30,10:14:34.741000,53.4103,-168.0989,9.05,1.05,VT,7,ok08_3015
2008/08/30,12:04:58.590000,53.3713,-168.2747,2.85,0.15,VT,4,ok08_3018
2008/08/30,16:25:30.932000,53.4075,-168.1475,4.75,-0.06,VT,4,ok08_3021
2008/08/30,17:48:49.222000,53.4174,-168.1359,5.65,0.36,VT,4,ok08_3023
2008/08/30,19:19:43.918000,53.4109,-168.151,6.25,0.3,VT,4,ok08_3026
2008/08/30,19:50:43.674000,53.4159,-168.1175,9.95,0.82,VT,7,ok08_3027
2008/08/30,19:54:54.056000,53.3911,-168.1791,11.75,0.53,VT,5,ok08_3029
2008/08/30,22:46:19.580000,53.3053,-168.1405,1.85,1.41,VT,10,ok08_3040
2008/08/30,22:51:25.982000,53.4338,-168.1262,2.95,0.08,VT,5,ok08_3041
2008/08/30,23:16:51.189000,53.4081,-168.1314,1.35,0.62,VT,7,ok08_3043
2008/08/31,01:19:08.974000,53.4284,-168.1527,5.15,0.61,VT,6,ok08_3047
2008/08/31,02:05:38.979000,53.2777,-168.3315,2.35,0.6,VT,4,ok08_3048
2008/08/31,03:00:07.823000,53.4392,-168.1976,4.15,0.19,VT,4,ok08_3049
2008/08/31,03:49:04.097000,53.3757,-168.2711,2.85,0.01,VT,3,ok08_3052
2008/08/31,03:59:37.175000,53.4524,-168.1583,2.05,0.01,VT,4,ok08_3054
2008/08/31,05:40:12.675000,53.3737,-168.2762,2.85,0.4,VT,6,ok08_3057
2008/08/31,05:50:59.952000,53.1999,-168.4646,1.15,0.66,VT,3,ok08_3058
2008/08/31,06:06:14.340000,53.2133,-168.4503,1.25,0.78,VT,3,ok08_3059
2008/08/31,06:21:38.120000,53.1958,-168.4748,0.25,0.68,VT,3,ok08_3062
2008/08/31,07:06:09.940000,53.3967,-168.1771,10.95,0.86,VT,6,ok08_3068
2008/08/31,07:59:30.122000,53.3705,-168.2757,2.85,0.43,VT,3,ok08_3070
2008/08/31,08:15:04.944000,53.4037,-168.064,11.35,0.5,VT,3,ok08_3071
2008/08/31,08:44:48.281000,53.38,-168.073,14.95,0.52,VT,3,ok08_3072
2008/08/31,08:55:14.883000,53.429,-168.1862,3.65,0.56,VT,4,ok08_3073
2008/08/31,09:22:52.431000,53.406,-168.1757,0.75,0.65,VT,7,ok08_3074
2008/08/31,12:56:24.724000,53.4163,-168.1413,6.25,0.68,VT,4,ok08_3078
2008/08/31,13:51:42.334000,53.3567,-168.1796,11.15,0.63,VT,3,ok08_3079
2008/08/31,14:12:26.533000,53.37,-168.2778,2.85,0.3,VT,3,ok08_3081
2008/08/31,14:34:50.558000,53.4249,-168.1312,5.25,1.08,VT,8,ok08_3083
2008/08/31,14:44:09.530000,53.3996,-168.169,3.55,0.52,VT,6,ok08_3084
2008/08/31,19:55:48.798000,53.3986,-168.1797,10.85,1.48,VT,10,ok08_3094
2008/08/31,20:04:27.727000,53.4069,-168.133,5.75,0.8,VT,6,ok08_3095
2008/08/31,20:20:38.532000,53.402,-168.1395,1.45,0.7,VT,6,ok08_3096
2008/08/31,20:37:29.801000,53.45,-168.1519,2.75,0.26,VT,5,ok08_3097
2008/08/31,23:01:14.050000,53.3334,-168.3024,0.75,0.86,VT,5,ok08_3101
